,GRID_TYPE,GAME_ID,GAME_EVENT_ID,PLAYER_ID,PLAYER_NAME,TEAM_ID,TEAM_NAME,PERIOD,MINUTES_REMAINING,SECONDS_REMAINING,EVENT_TYPE,ACTION_TYPE,SHOT_TYPE,SHOT_ZONE_BASIC,SHOT_ZONE_AREA,SHOT_ZONE_RANGE,SHOT_DISTANCE,LOC_X,LOC_Y,SHOT_ATTEMPTED_FLAG,SHOT_MADE_FLAG
0,Shot Chart Detail,0021400002,23,201158,Marco Belinelli,1610612759,San Antonio Spurs,1,8,47,Made Shot,Driving Layup Shot,2PT Field Goal,Restricted Area,Center(C),Less Than 8 ft.,1,9,-6,1,1
1,Shot Chart Detail,0021400002,63,201158,Marco Belinelli,1610612759,San Antonio Spurs,1,5,0,Missed Shot,Jump Shot,3PT Field Goal,Above the Break 3,Right Side Center(RC),24+ ft.,25,122,219,1,0
2,Shot Chart Detail,0021400002,82,201158,Marco Belinelli,1610612759,San Antonio Spurs,1,2,51,Made Shot,Jump Shot,3PT Field Goal,Right Corner 3,Right Side(R),24+ ft.,23,239,19,1,1
3,Shot Chart Detail,0021400002,135,201158,Marco Belinelli,1610612759,San Antonio Spurs,2,8,50,Made Shot,Running Bank shot,2PT Field Goal,In The Paint (Non-RA),Center(C),Less Than 8 ft.,4,-41,20,1,1
4,Shot Chart Detail,0021400002,230,201158,Marco Belinelli,1610612759,San Antonio Spurs,2,0,13,Missed Shot,Jump Shot,3PT Field Goal,Above the Break 3,Right Side Center(RC),24+ ft.,25,81,239,1,0
5,Shot Chart Detail,0021400002,240,201158,Marco Belinelli,1610612759,San Antonio Spurs,3,11,21,Missed Shot,Jump Shot,3PT Field Goal,Above the Break 3,Right Side Center(RC),24+ ft.,26,192,178,1,0
6,Shot Chart Detail,0021400002,255,201158,Marco Belinelli,1610612759,San Antonio Spurs,3,9,35,Made Shot,Jump Shot,3PT Field Goal,Above the Break 3,Left Side Center(LC),24+ ft.,24,-196,153,1,1
7,Shot Chart Detail,0021400002,399,201158,Marco Belinelli,1610612759,San Antonio Spurs,4,7,47,Made Shot,Jump Shot,3PT Field Goal,Above the Break 3,Right Side Center(RC),24+ ft.,25,144,205,1,1
8,Shot Chart Detail,0021400024,101,201158,Marco Belinelli,1610612759,San Antonio Spurs,1,2,11,Missed Shot,Jump Shot,2PT Field Goal,Restricted Area,Center(C),Less Than 8 ft.,3,-38,6,1,0
9,Shot Chart Detail,0021400024,418,201158,Marco Belinelli,1610612759,San Antonio Spurs,4,11,2,Made Shot,Jump Shot,3PT Field Goal,Above the Break 3,Right Side Center(RC),24+ ft.,24,166,179,1,1
10,Shot Chart Detail,0021400024,440,201158,Marco Belinelli,1610612759,San Antonio Spurs,4,8,15,Made Shot,Jump Shot,3PT Field Goal,Above the Break 3,Right Side Center(RC),24+ ft.,24,190,162,1,1
11,Shot Chart Detail,0021400024,446,201158,Marco Belinelli,1610612759,San Antonio Spurs,4,7,28,Made Shot,Jump Shot,2PT Field Goal,Mid-Range,Right Side(R),16-24 ft.,22,212,86,1,1
12,Shot Chart Detail,0021400024,461,201158,Marco Belinelli,1610612759,San Antonio Spurs,4,6,10,Missed Shot,Running Jump Shot,2PT Field Goal,Mid-Range,Left Side(L),8-16 ft.,12,-120,-10,1,0
13,Shot Chart Detail,0021400064,100,201158,Marco Belinelli,1610612759,San Antonio Spurs,1,1,21,Missed Shot,Layup Shot,2PT Field Goal,Restricted Area,Center(C),Less Than 8 ft.,1,-15,0,1,0
14,Shot Chart Detail,0021400177,71,201158,Marco Belinelli,1610612759,San Antonio Spurs,1,3,53,Made Shot,Tip Shot,2PT Field Goal,Restricted Area,Center(C),Less Than 8 ft.,0,4,1,1,1
15,Shot Chart Detail,0021400177,336,201158,Marco Belinelli,1610612759,San Antonio Spurs,3,5,14,Made Shot,Jump Shot,2PT Field Goal,Mid-Range,Left Side(L),16-24 ft.,18,-187,14,1,1
16,Shot Chart Detail,0021400191,137,201158,Marco Belinelli,1610612759,San Antonio Spurs,2,8,47,Missed Shot,Jump Shot,3PT Field Goal,Above the Break 3,Right Side Center(RC),24+ ft.,24,114,220,1,0
17,Shot Chart Detail,0021400191,166,201158,Marco Belinelli,1610612759,San Antonio Spurs,2,5,30,Missed Shot,Jump Shot,3PT Field Goal,Right Corner 3,Right Side(R),24+ ft.,24,242,58,1,0
18,Shot Chart Detail,0021400220,124,201158,Marco Belinelli,1610612759,San Antonio Spurs,2,10,59,Made Shot,Jump Shot,2PT Field Goal,Mid-Range,Right Side Center(RC),16-24 ft.,20,75,190,1,1
19,Shot Chart Detail,0021400220,176,201158,Marco Belinelli,1610612759,San Antonio Spurs,2,6,24,Missed Shot,Jump Shot,3PT Field Goal,Above the Break 3,Right Side Center(RC),24+ ft.,24,157,189,1,0
20,Shot Chart Detail,0021400220,184,201158,Marco Belinelli,1610612759,San Antonio Spurs,2,5,33,Made Shot,Layup Shot,2PT Field Goal,Restricted Area,Center(C),Less Than 8 ft.,2,20,0,1,1
21,Shot Chart Detail,0021400220,194,201158,Marco Belinelli,1610612759,San Antonio Spurs,2,4,0,Missed Shot,Floating Jump shot,2PT Field Goal,Mid-Range,Left Side(L),8-16 ft.,15,-153,-2,1,0
22,Shot Chart Detail,0021400220,195,201158,Marco Belinelli,1610612759,San Antonio Spurs,2,3,58,Missed Shot,Jump Shot,2PT Field Goal,In The Paint (Non-RA),Center(C),Less Than 8 ft.,4,-41,3,1,0
23,Shot Chart Detail,0021400231,110,201158,Marco Belinelli,1610612759,San Antonio Spurs,2,11,34,Missed Shot,Jump Shot,3PT Field Goal,Above the Break 3,Left Side Center(LC),24+ ft.,25,-116,228,1,0
24,Shot Chart Detail,0021400231,123,201158,Marco Belinelli,1610612759,San Antonio Spurs,2,10,9,Missed Shot,Jump Shot,3PT Field Goal,Above the Break 3,Left Side Center(LC),24+ ft.,23,-78,225,1,0
25,Shot Chart Detail,0021400231,134,201158,Marco Belinelli,1610612759,San Antonio Spurs,2,9,40,Missed Shot,Jump Shot,3PT Field Goal,Left Corner 3,Left Side(L),24+ ft.,23,-231,4,1,0
26,Shot Chart Detail,0021400231,420,201158,Marco Belinelli,1610612759,San Antonio Spurs,4,7,20,Missed Shot,Jump Shot,3PT Field Goal,Above the Break 3,Left Side Center(LC),24+ ft.,25,-229,110,1,0
27,Shot Chart Detail,0021400231,442,201158,Marco Belinelli,1610612759,San Antonio Spurs,4,5,37,Missed Shot,Jump Shot,2PT Field Goal,Mid-Range,Right Side Center(RC),16-24 ft.,18,89,162,1,0
28,Shot Chart Detail,0021400231,455,201158,Marco Belinelli,1610612759,San Antonio Spurs,4,3,41,Missed Shot,Jump Shot,3PT Field Goal,Left Corner 3,Left Side(L),24+ ft.,23,-232,7,1,0
29,Shot Chart Detail,0021400241,480,201158,Marco Belinelli,1610612759,San Antonio Spurs,4,2,24,Made Shot,Jump Shot,2PT Field Goal,Mid-Range,Center(C),16-24 ft.,16,-37,159,1,1
30,Shot Chart Detail,0021400241,487,201158,Marco Belinelli,1610612759,San Antonio Spurs,4,1,25,Made Shot,Jump Shot,3PT Field Goal,Above the Break 3,Center(C),24+ ft.,25,-46,246,1,1
31,Shot Chart Detail,0021400249,86,201158,Marco Belinelli,1610612759,San Antonio Spurs,1,3,21,Made Shot,Pullup Jump shot,2PT Field Goal,Mid-Range,Right Side(R),16-24 ft.,17,170,25,1,1
32,Shot Chart Detail,0021400249,94,201158,Marco Belinelli,1610612759,San Antonio Spurs,1,2,38,Missed Shot,Jump Shot,2PT Field Goal,Restricted Area,Center(C),Less Than 8 ft.,3,-27,-24,1,0
33,Shot Chart Detail,0021400249,154,201158,Marco Belinelli,1610612759,San Antonio Spurs,2,10,7,Made Shot,Driving Slam Dunk Shot,2PT Field Goal,Restricted Area,Center(C),Less Than 8 ft.,0,0,1,1,1
34,Shot Chart Detail,0021400249,189,201158,Marco Belinelli,1610612759,San Antonio Spurs,2,7,18,Made Shot,Jump Shot,3PT Field Goal,Above the Break 3,Right Side Center(RC),24+ ft.,24,171,179,1,1
35,Shot Chart Detail,0021400249,249,201158,Marco Belinelli,1610612759,San Antonio Spurs,2,1,34,Missed Shot,Jump Shot,2PT Field Goal,In The Paint (Non-RA),Center(C),Less Than 8 ft.,5,-49,17,1,0
36,Shot Chart Detail,0021400249,308,201158,Marco Belinelli,1610612759,San Antonio Spurs,3,7,33,Missed Shot,Jump Shot,3PT Field Goal,Right Corner 3,Right Side(R),24+ ft.,22,226,4,1,0
37,Shot Chart Detail,0021400249,319,201158,Marco Belinelli,1610612759,San Antonio Spurs,3,6,55,Missed Shot,Jump Shot,2PT Field Goal,Restricted Area,Center(C),Less Than 8 ft.,3,21,28,1,0
38,Shot Chart Detail,0021400249,346,201158,Marco Belinelli,1610612759,San Antonio Spurs,3,5,49,Missed Shot,Jump Shot,3PT Field Goal,Right Corner 3,Right Side(R),24+ ft.,24,241,-17,1,0
39,Shot Chart Detail,0021400249,434,201158,Marco Belinelli,1610612759,San Antonio Spurs,4,11,15,Missed Shot,Jump Shot,3PT Field Goal,Above the Break 3,Center(C),24+ ft.,26,40,257,1,0
40,Shot Chart Detail,0021400249,461,201158,Marco Belinelli,1610612759,San Antonio Spurs,4,8,12,Missed Shot,Jump Shot,2PT Field Goal,Mid-Range,Left Side Center(LC),16-24 ft.,16,-130,102,1,0
41,Shot Chart Detail,0021400249,489,201158,Marco Belinelli,1610612759,San Antonio Spurs,4,6,15,Missed Shot,Jump Shot,3PT Field Goal,Right Corner 3,Right Side(R),24+ ft.,23,239,-2,1,0
42,Shot Chart Detail,0021400249,494,201158,Marco Belinelli,1610612759,San Antonio Spurs,4,5,40,Missed Shot,Jump Shot,3PT Field Goal,Above the Break 3,Right Side Center(RC),24+ ft.,26,118,238,1,0
43,Shot Chart Detail,0021400249,514,201158,Marco Belinelli,1610612759,San Antonio Spurs,4,3,7,Missed Shot,Jump Shot,3PT Field Goal,Left Corner 3,Left Side(L),24+ ft.,23,-237,-14,1,0
44,Shot Chart Detail,0021400266,117,201158,Marco Belinelli,1610612759,San Antonio Spurs,2,11,24,Made Shot,Jump Shot,3PT Field Goal,Above the Break 3,Center(C),24+ ft.,24,-38,238,1,1
45,Shot Chart Detail,0021400266,321,201158,Marco Belinelli,1610612759,San Antonio Spurs,3,0,45,Missed Shot,Jump Shot,3PT Field Goal,Above the Break 3,Right Side Center(RC),24+ ft.,25,141,209,1,0
46,Shot Chart Detail,0021400266,357,201158,Marco Belinelli,1610612759,San Antonio Spurs,4,9,54,Made Shot,Layup Shot,2PT Field Goal,Restricted Area,Center(C),Less Than 8 ft.,2,-23,3,1,1
47,Shot Chart Detail,0021400282,120,201158,Marco Belinelli,1610612759,San Antonio Spurs,2,11,11,Missed Shot,Jump Shot,3PT Field Goal,Above the Break 3,Right Side Center(RC),24+ ft.,26,122,231,1,0
48,Shot Chart Detail,0021400282,122,201158,Marco Belinelli,1610612759,San Antonio Spurs,2,10,50,Missed Shot,Layup Shot,2PT Field Goal,Restricted Area,Center(C),Less Than 8 ft.,2,9,19,1,0
49,Shot Chart Detail,0021400282,330,201158,Marco Belinelli,1610612759,San Antonio Spurs,3,2,57,Made Shot,Jump Shot,3PT Field Goal,Above the Break 3,Center(C),24+ ft.,25,28,249,1,1
50,Shot Chart Detail,0021400282,346,201158,Marco Belinelli,1610612759,San Antonio Spurs,3,1,26,Made Shot,Jump Shot,3PT Field Goal,Above the Break 3,Center(C),24+ ft.,25,-57,247,1,1
51,Shot Chart Detail,0021400282,352,201158,Marco Belinelli,1610612759,San Antonio Spurs,3,0,27,Missed Shot,Pullup Jump shot,3PT Field Goal,Above the Break 3,Left Side Center(LC),24+ ft.,26,-90,249,1,0
52,Shot Chart Detail,0021400282,367,201158,Marco Belinelli,1610612759,San Antonio Spurs,4,11,7,Missed Shot,Jump Shot,3PT Field Goal,Right Corner 3,Right Side(R),24+ ft.,23,234,-6,1,0
53,Shot Chart Detail,0021400282,386,201158,Marco Belinelli,1610612759,San Antonio Spurs,4,8,54,Missed Shot,Pullup Jump shot,2PT Field Goal,In The Paint (Non-RA),Center(C),8-16 ft.,11,-52,102,1,0
54,Shot Chart Detail,0021400282,412,201158,Marco Belinelli,1610612759,San Antonio Spurs,4,7,23,Missed Shot,Jump Shot,2PT Field Goal,Mid-Range,Right Side(R),16-24 ft.,17,173,28,1,0
55,Shot Chart Detail,0021400282,413,201158,Marco Belinelli,1610612759,San Antonio Spurs,4,7,20,Missed Shot,Tip Shot,2PT Field Goal,Restricted Area,Center(C),Less Than 8 ft.,0,0,6,1,0
56,Shot Chart Detail,0021400291,61,201158,Marco Belinelli,1610612759,San Antonio Spurs,1,4,39,Made Shot,Jump Shot,3PT Field Goal,Left Corner 3,Left Side(L),24+ ft.,22,-226,-10,1,1
57,Shot Chart Detail,0021400291,78,201158,Marco Belinelli,1610612759,San Antonio Spurs,1,3,16,Made Shot,Driving Layup Shot,2PT Field Goal,Restricted Area,Center(C),Less Than 8 ft.,0,0,-5,1,1
58,Shot Chart Detail,0021400291,102,201158,Marco Belinelli,1610612759,San Antonio Spurs,1,1,46,Made Shot,Jump Shot,2PT Field Goal,In The Paint (Non-RA),Left Side(L),8-16 ft.,8,-79,36,1,1
59,Shot Chart Detail,0021400291,121,201158,Marco Belinelli,1610612759,San Antonio Spurs,1,0,10,Made Shot,Jump Shot,3PT Field Goal,Above the Break 3,Left Side Center(LC),24+ ft.,26,-144,224,1,1
60,Shot Chart Detail,0021400291,175,201158,Marco Belinelli,1610612759,San Antonio Spurs,2,7,36,Missed Shot,Jump Shot,2PT Field Goal,Mid-Range,Left Side Center(LC),16-24 ft.,17,-81,157,1,0
61,Shot Chart Detail,0021400291,181,201158,Marco Belinelli,1610612759,San Antonio Spurs,2,7,5,Missed Shot,Jump Shot,3PT Field Goal,Left Corner 3,Left Side(L),24+ ft.,23,-237,-8,1,0
62,Shot Chart Detail,0021400291,195,201158,Marco Belinelli,1610612759,San Antonio Spurs,2,5,57,Made Shot,Jump Shot,3PT Field Goal,Above the Break 3,Right Side Center(RC),24+ ft.,26,226,142,1,1
63,Shot Chart Detail,0021400291,219,201158,Marco Belinelli,1610612759,San Antonio Spurs,2,2,55,Missed Shot,Jump Shot,2PT Field Goal,Mid-Range,Left Side Center(LC),16-24 ft.,21,-70,200,1,0
64,Shot Chart Detail,0021400291,261,201158,Marco Belinelli,1610612759,San Antonio Spurs,2,0,0,Made Shot,Jump Shot,2PT Field Goal,Mid-Range,Center(C),16-24 ft.,22,-68,213,1,1
65,Shot Chart Detail,0021400291,272,201158,Marco Belinelli,1610612759,San Antonio Spurs,3,11,2,Made Shot,Jump Shot,3PT Field Goal,Right Corner 3,Right Side(R),24+ ft.,24,242,-16,1,1
66,Shot Chart Detail,0021400291,277,201158,Marco Belinelli,1610612759,San Antonio Spurs,3,10,6,Missed Shot,Jump Shot,2PT Field Goal,Mid-Range,Center(C),16-24 ft.,22,-13,222,1,0
67,Shot Chart Detail,0021400291,299,201158,Marco Belinelli,1610612759,San Antonio Spurs,3,9,10,Missed Shot,Jump Shot,3PT Field Goal,Above the Break 3,Right Side Center(RC),24+ ft.,26,209,160,1,0
68,Shot Chart Detail,0021400314,84,201158,Marco Belinelli,1610612759,San Antonio Spurs,1,2,10,Missed Shot,Jump Shot,3PT Field Goal,Above the Break 3,Center(C),24+ ft.,25,-4,255,1,0
69,Shot Chart Detail,0021400314,94,201158,Marco Belinelli,1610612759,San Antonio Spurs,1,1,21,Made Shot,Jump Shot,2PT Field Goal,Restricted Area,Center(C),Less Than 8 ft.,3,-27,23,1,1
70,Shot Chart Detail,0021400314,144,201158,Marco Belinelli,1610612759,San Antonio Spurs,2,8,20,Made Shot,Layup Shot,2PT Field Goal,Restricted Area,Center(C),Less Than 8 ft.,2,28,4,1,1
71,Shot Chart Detail,0021400314,147,201158,Marco Belinelli,1610612759,San Antonio Spurs,2,7,55,Missed Shot,Jump Shot,3PT Field Goal,Above the Break 3,Left Side Center(LC),24+ ft.,24,-183,156,1,0
72,Shot Chart Detail,0021400314,161,201158,Marco Belinelli,1610612759,San Antonio Spurs,2,6,58,Missed Shot,Jump Shot,2PT Field Goal,Mid-Range,Right Side Center(RC),16-24 ft.,17,59,165,1,0
73,Shot Chart Detail,0021400314,270,201158,Marco Belinelli,1610612759,San Antonio Spurs,3,6,54,Made Shot,Running Jump Shot,2PT Field Goal,In The Paint (Non-RA),Right Side(R),8-16 ft.,8,67,50,1,1
74,Shot Chart Detail,0021400314,379,201158,Marco Belinelli,1610612759,San Antonio Spurs,4,10,35,Made Shot,Layup Shot,2PT Field Goal,Restricted Area,Center(C),Less Than 8 ft.,0,7,1,1,1
75,Shot Chart Detail,0021400314,408,201158,Marco Belinelli,1610612759,San Antonio Spurs,4,7,27,Missed Shot,Jump Shot,2PT Field Goal,Mid-Range,Right Side Center(RC),16-24 ft.,22,151,170,1,0
76,Shot Chart Detail,0021400314,520,201158,Marco Belinelli,1610612759,San Antonio Spurs,4,0,5,Made Shot,Jump Shot,2PT Field Goal,Mid-Range,Right Side(R),8-16 ft.,10,105,-8,1,1
77,Shot Chart Detail,0021400322,44,201158,Marco Belinelli,1610612759,San Antonio Spurs,1,6,2,Missed Shot,Jump Shot,2PT Field Goal,Mid-Range,Center(C),16-24 ft.,21,50,211,1,0
78,Shot Chart Detail,0021400322,59,201158,Marco Belinelli,1610612759,San Antonio Spurs,1,3,46,Made Shot,Fadeaway Jump Shot,2PT Field Goal,Mid-Range,Right Side(R),8-16 ft.,10,108,17,1,1
79,Shot Chart Detail,0021400322,118,201158,Marco Belinelli,1610612759,San Antonio Spurs,2,9,46,Made Shot,Turnaround Jump Shot,2PT Field Goal,Mid-Range,Left Side(L),8-16 ft.,14,-138,33,1,1
80,Shot Chart Detail,0021400322,129,201158,Marco Belinelli,1610612759,San Antonio Spurs,2,8,53,Missed Shot,Turnaround Jump Shot,2PT Field Goal,Mid-Range,Left Side(L),8-16 ft.,13,-138,6,1,0
81,Shot Chart Detail,0021400322,146,201158,Marco Belinelli,1610612759,San Antonio Spurs,2,7,6,Missed Shot,Jump Shot,2PT Field Goal,In The Paint (Non-RA),Center(C),Less Than 8 ft.,6,-64,25,1,0
82,Shot Chart Detail,0021400322,209,201158,Marco Belinelli,1610612759,San Antonio Spurs,2,2,51,Missed Shot,Layup Shot,2PT Field Goal,Restricted Area,Center(C),Less Than 8 ft.,0,-4,0,1,0
83,Shot Chart Detail,0021400322,249,201158,Marco Belinelli,1610612759,San Antonio Spurs,2,0,0,Missed Shot,Jump Shot,2PT Field Goal,Mid-Range,Right Side(R),8-16 ft.,15,89,131,1,0
84,Shot Chart Detail,0021400322,349,201158,Marco Belinelli,1610612759,San Antonio Spurs,3,3,37,Made Shot,Jump Shot,3PT Field Goal,Above the Break 3,Right Side Center(RC),24+ ft.,25,149,201,1,1
85,Shot Chart Detail,0021400322,352,201158,Marco Belinelli,1610612759,San Antonio Spurs,3,2,53,Made Shot,Jump Shot,3PT Field Goal,Above the Break 3,Right Side Center(RC),24+ ft.,26,233,124,1,1
86,Shot Chart Detail,0021400322,372,201158,Marco Belinelli,1610612759,San Antonio Spurs,3,0,19,Made Shot,Jump Shot,3PT Field Goal,Above the Break 3,Left Side Center(LC),24+ ft.,24,-187,164,1,1
87,Shot Chart Detail,0021400322,449,201158,Marco Belinelli,1610612759,San Antonio Spurs,4,4,26,Missed Shot,Jump Shot,2PT Field Goal,Mid-Range,Right Side(R),16-24 ft.,19,177,83,1,0
88,Shot Chart Detail,0021400322,458,201158,Marco Belinelli,1610612759,San Antonio Spurs,4,3,28,Made Shot,Layup Shot,2PT Field Goal,Restricted Area,Center(C),Less Than 8 ft.,2,21,1,1,1
89,Shot Chart Detail,0021400322,477,201158,Marco Belinelli,1610612759,San Antonio Spurs,4,2,10,Missed Shot,Jump Shot,2PT Field Goal,In The Paint (Non-RA),Center(C),8-16 ft.,9,47,86,1,0
90,Shot Chart Detail,0021400339,125,201158,Marco Belinelli,1610612759,San Antonio Spurs,2,11,6,Made Shot,Jump Shot,2PT Field Goal,Mid-Range,Right Side(R),16-24 ft.,18,155,97,1,1
91,Shot Chart Detail,0021400339,139,201158,Marco Belinelli,1610612759,San Antonio Spurs,2,9,0,Missed Shot,Jump Shot,3PT Field Goal,Above the Break 3,Center(C),24+ ft.,25,-11,255,1,0
92,Shot Chart Detail,0021400339,158,201158,Marco Belinelli,1610612759,San Antonio Spurs,2,7,26,Made Shot,Jump Shot,3PT Field Goal,Right Corner 3,Right Side(R),24+ ft.,24,237,41,1,1
93,Shot Chart Detail,0021400339,265,201158,Marco Belinelli,1610612759,San Antonio Spurs,3,6,5,Made Shot,Jump Shot,3PT Field Goal,Above the Break 3,Center(C),24+ ft.,24,43,246,1,1
94,Shot Chart Detail,0021400339,322,201158,Marco Belinelli,1610612759,San Antonio Spurs,3,1,4,Missed Shot,Jump Shot,3PT Field Goal,Above the Break 3,Right Side Center(RC),24+ ft.,25,192,162,1,0
95,Shot Chart Detail,0021400339,384,201158,Marco Belinelli,1610612759,San Antonio Spurs,4,8,12,Missed Shot,Jump Shot,3PT Field Goal,Above the Break 3,Left Side Center(LC),24+ ft.,24,-175,170,1,0
96,Shot Chart Detail,0021400354,65,201158,Marco Belinelli,1610612759,San Antonio Spurs,1,4,48,Made Shot,Jump Shot,3PT Field Goal,Right Corner 3,Right Side(R),24+ ft.,23,231,22,1,1
97,Shot Chart Detail,0021400354,103,201158,Marco Belinelli,1610612759,San Antonio Spurs,1,2,1,Missed Shot,Jump Shot,2PT Field Goal,Mid-Range,Left Side(L),16-24 ft.,20,-183,94,1,0
98,Shot Chart Detail,0021400354,381,201158,Marco Belinelli,1610612759,San Antonio Spurs,3,1,1,Made Shot,Running Jump Shot,2PT Field Goal,In The Paint (Non-RA),Right Side(R),8-16 ft.,8,45,72,1,1
99,Shot Chart Detail,0021400354,453,201158,Marco Belinelli,1610612759,San Antonio Spurs,4,7,38,Missed Shot,Driving Layup Shot,2PT Field Goal,Restricted Area,Center(C),Less Than 8 ft.,1,-4,11,1,0
100,Shot Chart Detail,0021400354,464,201158,Marco Belinelli,1610612759,San Antonio Spurs,4,6,38,Missed Shot,Jump Shot,3PT Field Goal,Above the Break 3,Right Side Center(RC),24+ ft.,24,218,104,1,0
101,Shot Chart Detail,0021400354,466,201158,Marco Belinelli,1610612759,San Antonio Spurs,4,6,31,Missed Shot,Alley Oop Layup shot,2PT Field Goal,Restricted Area,Center(C),Less Than 8 ft.,0,4,3,1,0
102,Shot Chart Detail,0021400361,86,201158,Marco Belinelli,1610612759,San Antonio Spurs,1,2,15,Made Shot,Jump Shot,2PT Field Goal,In The Paint (Non-RA),Center(C),8-16 ft.,13,-54,127,1,1
103,Shot Chart Detail,0021400361,89,201158,Marco Belinelli,1610612759,San Antonio Spurs,1,1,41,Missed Shot,Jump Shot,2PT Field Goal,Mid-Range,Center(C),16-24 ft.,21,0,213,1,0
104,Shot Chart Detail,0021400361,94,201158,Marco Belinelli,1610612759,San Antonio Spurs,1,0,41,Made Shot,Jump Shot,2PT Field Goal,Mid-Range,Center(C),16-24 ft.,20,-8,203,1,1
105,Shot Chart Detail,0021400361,109,201158,Marco Belinelli,1610612759,San Antonio Spurs,2,11,31,Missed Shot,Jump Shot,2PT Field Goal,In The Paint (Non-RA),Center(C),8-16 ft.,8,0,86,1,0
106,Shot Chart Detail,0021400361,126,201158,Marco Belinelli,1610612759,San Antonio Spurs,2,9,21,Missed Shot,Jump Shot,3PT Field Goal,Above the Break 3,Left Side Center(LC),24+ ft.,25,-93,238,1,0
107,Shot Chart Detail,0021400361,139,201158,Marco Belinelli,1610612759,San Antonio Spurs,2,8,24,Missed Shot,Jump Shot,2PT Field Goal,Mid-Range,Right Side Center(RC),16-24 ft.,21,136,162,1,0
108,Shot Chart Detail,0021400361,221,201158,Marco Belinelli,1610612759,San Antonio Spurs,2,1,52,Missed Shot,Running Jump Shot,2PT Field Goal,In The Paint (Non-RA),Center(C),Less Than 8 ft.,5,40,30,1,0
109,Shot Chart Detail,0021400361,350,201158,Marco Belinelli,1610612759,San Antonio Spurs,3,2,14,Made Shot,Driving Layup Shot,2PT Field Goal,Restricted Area,Center(C),Less Than 8 ft.,1,-10,9,1,1
110,Shot Chart Detail,0021400361,369,201158,Marco Belinelli,1610612759,San Antonio Spurs,3,0,2,Missed Shot,Pullup Jump shot,2PT Field Goal,Mid-Range,Right Side Center(RC),16-24 ft.,20,119,167,1,0
111,Shot Chart Detail,0021400375,189,201158,Marco Belinelli,1610612759,San Antonio Spurs,2,5,53,Made Shot,Jump Shot,3PT Field Goal,Above the Break 3,Center(C),24+ ft.,25,-5,257,1,1
112,Shot Chart Detail,0021400375,211,201158,Marco Belinelli,1610612759,San Antonio Spurs,2,3,34,Made Shot,Jump Shot,3PT Field Goal,Above the Break 3,Left Side Center(LC),24+ ft.,24,-218,119,1,1
113,Shot Chart Detail,0021400375,227,201158,Marco Belinelli,1610612759,San Antonio Spurs,2,2,20,Missed Shot,Jump Shot,2PT Field Goal,Mid-Range,Right Side(R),8-16 ft.,15,138,72,1,0
114,Shot Chart Detail,0021400375,242,201158,Marco Belinelli,1610612759,San Antonio Spurs,2,1,4,Made Shot,Layup Shot,2PT Field Goal,Restricted Area,Center(C),Less Than 8 ft.,1,-11,-5,1,1
115,Shot Chart Detail,0021400375,277,201158,Marco Belinelli,1610612759,San Antonio Spurs,3,11,1,Missed Shot,Jump Shot,2PT Field Goal,Mid-Range,Right Side Center(RC),16-24 ft.,21,154,149,1,0
116,Shot Chart Detail,0021400375,294,201158,Marco Belinelli,1610612759,San Antonio Spurs,3,9,3,Missed Shot,Jump Shot,3PT Field Goal,Above the Break 3,Left Side Center(LC),24+ ft.,24,-205,132,1,0
117,Shot Chart Detail,0021400375,305,201158,Marco Belinelli,1610612759,San Antonio Spurs,3,7,44,Missed Shot,Jump Shot,3PT Field Goal,Above the Break 3,Center(C),24+ ft.,25,42,247,1,0
118,Shot Chart Detail,0021400375,325,201158,Marco Belinelli,1610612759,San Antonio Spurs,3,5,8,Made Shot,Jump Shot,2PT Field Goal,Mid-Range,Right Side Center(RC),16-24 ft.,19,122,153,1,1
119,Shot Chart Detail,0021400375,394,201158,Marco Belinelli,1610612759,San Antonio Spurs,4,8,53,Made Shot,Jump Shot,3PT Field Goal,Above the Break 3,Right Side Center(RC),24+ ft.,24,193,157,1,1
120,Shot Chart Detail,0021400375,588,201158,Marco Belinelli,1610612759,San Antonio Spurs,6,2,32,Made Shot,Floating Jump shot,2PT Field Goal,In The Paint (Non-RA),Center(C),8-16 ft.,8,31,83,1,1
121,Shot Chart Detail,0021400375,639,201158,Marco Belinelli,1610612759,San Antonio Spurs,7,2,56,Missed Shot,Jump Shot,3PT Field Goal,Above the Break 3,Right Side Center(RC),24+ ft.,24,192,157,1,0
122,Shot Chart Detail,0021400390,47,201158,Marco Belinelli,1610612759,San Antonio Spurs,1,6,18,Made Shot,Layup Shot,2PT Field Goal,Restricted Area,Center(C),Less Than 8 ft.,1,-2,-10,1,1
123,Shot Chart Detail,0021400390,56,201158,Marco Belinelli,1610612759,San Antonio Spurs,1,5,18,Missed Shot,Jump Shot,3PT Field Goal,Above the Break 3,Center(C),24+ ft.,24,-29,247,1,0
124,Shot Chart Detail,0021400390,73,201158,Marco Belinelli,1610612759,San Antonio Spurs,1,3,1,Missed Shot,Jump Shot,2PT Field Goal,Mid-Range,Right Side Center(RC),16-24 ft.,19,130,146,1,0
125,Shot Chart Detail,0021400390,162,201158,Marco Belinelli,1610612759,San Antonio Spurs,2,7,5,Missed Shot,Layup Shot,2PT Field Goal,Restricted Area,Center(C),Less Than 8 ft.,1,9,14,1,0
126,Shot Chart Detail,0021400390,168,201158,Marco Belinelli,1610612759,San Antonio Spurs,2,6,26,Missed Shot,Layup Shot,2PT Field Goal,Restricted Area,Center(C),Less Than 8 ft.,2,-8,19,1,0
127,Shot Chart Detail,0021400390,186,201158,Marco Belinelli,1610612759,San Antonio Spurs,2,4,5,Missed Shot,Jump Shot,2PT Field Goal,In The Paint (Non-RA),Center(C),8-16 ft.,11,-10,119,1,0
128,Shot Chart Detail,0021400390,338,201158,Marco Belinelli,1610612759,San Antonio Spurs,3,4,38,Missed Shot,Jump Shot,2PT Field Goal,Mid-Range,Left Side Center(LC),16-24 ft.,17,-95,149,1,0
129,Shot Chart Detail,0021400390,367,201158,Marco Belinelli,1610612759,San Antonio Spurs,3,2,43,Made Shot,Driving Layup Shot,2PT Field Goal,Restricted Area,Center(C),Less Than 8 ft.,1,-5,11,1,1
130,Shot Chart Detail,0021400390,464,201158,Marco Belinelli,1610612759,San Antonio Spurs,4,6,40,Made Shot,Alley Oop Layup shot,2PT Field Goal,Restricted Area,Center(C),Less Than 8 ft.,1,15,7,1,1
131,Shot Chart Detail,0021400390,493,201158,Marco Belinelli,1610612759,San Antonio Spurs,4,3,50,Missed Shot,Jump Shot,2PT Field Goal,Mid-Range,Right Side Center(RC),16-24 ft.,17,64,165,1,0
132,Shot Chart Detail,0021400390,620,201158,Marco Belinelli,1610612759,San Antonio Spurs,6,4,3,Missed Shot,Jump Shot,2PT Field Goal,Mid-Range,Right Side Center(RC),16-24 ft.,18,129,127,1,0
133,Shot Chart Detail,0021400390,622,201158,Marco Belinelli,1610612759,San Antonio Spurs,6,3,45,Made Shot,Jump Shot,2PT Field Goal,Mid-Range,Right Side(R),8-16 ft.,15,133,88,1,1
134,Shot Chart Detail,0021400390,679,201158,Marco Belinelli,1610612759,San Antonio Spurs,7,2,54,Missed Shot,Jump Shot,3PT Field Goal,Above the Break 3,Center(C),24+ ft.,24,-34,247,1,0
135,Shot Chart Detail,0021400390,688,201158,Marco Belinelli,1610612759,San Antonio Spurs,7,2,20,Made Shot,Jump Shot,2PT Field Goal,Mid-Range,Right Side(R),16-24 ft.,16,165,14,1,1
136,Shot Chart Detail,0021400397,8,201158,Marco Belinelli,1610612759,San Antonio Spurs,1,11,13,Made Shot,Jump Shot,2PT Field Goal,Mid-Range,Center(C),16-24 ft.,21,0,211,1,1
137,Shot Chart Detail,0021400397,11,201158,Marco Belinelli,1610612759,San Antonio Spurs,1,10,46,Made Shot,Running Finger Roll Layup Shot,2PT Field Goal,Restricted Area,Center(C),Less Than 8 ft.,2,21,0,1,1
138,Shot Chart Detail,0021400397,38,201158,Marco Belinelli,1610612759,San Antonio Spurs,1,7,19,Missed Shot,Jump Shot,2PT Field Goal,Mid-Range,Center(C),16-24 ft.,17,-32,176,1,0
139,Shot Chart Detail,0021400397,92,201158,Marco Belinelli,1610612759,San Antonio Spurs,1,1,54,Missed Shot,Fadeaway Jump Shot,2PT Field Goal,In The Paint (Non-RA),Center(C),8-16 ft.,14,-38,137,1,0
140,Shot Chart Detail,0021400397,115,201158,Marco Belinelli,1610612759,San Antonio Spurs,1,0,2,Made Shot,Jump Shot,2PT Field Goal,Mid-Range,Left Side Center(LC),16-24 ft.,22,-122,194,1,1
141,Shot Chart Detail,0021400397,149,201158,Marco Belinelli,1610612759,San Antonio Spurs,2,9,24,Made Shot,Floating Jump shot,2PT Field Goal,In The Paint (Non-RA),Left Side(L),8-16 ft.,9,-76,56,1,1
142,Shot Chart Detail,0021400397,165,201158,Marco Belinelli,1610612759,San Antonio Spurs,2,8,7,Missed Shot,Running Jump Shot,2PT Field Goal,In The Paint (Non-RA),Center(C),Less Than 8 ft.,7,4,71,1,0
143,Shot Chart Detail,0021400397,180,201158,Marco Belinelli,1610612759,San Antonio Spurs,2,6,38,Missed Shot,Jump Shot,2PT Field Goal,Mid-Range,Left Side Center(LC),16-24 ft.,18,-86,159,1,0
144,Shot Chart Detail,0021400397,222,201158,Marco Belinelli,1610612759,San Antonio Spurs,2,2,50,Missed Shot,Jump Shot,2PT Field Goal,In The Paint (Non-RA),Center(C),8-16 ft.,10,28,102,1,0
145,Shot Chart Detail,0021400397,246,201158,Marco Belinelli,1610612759,San Antonio Spurs,2,0,51,Made Shot,Jump Shot,2PT Field Goal,Mid-Range,Center(C),16-24 ft.,20,53,201,1,1
146,Shot Chart Detail,0021400397,284,201158,Marco Belinelli,1610612759,San Antonio Spurs,3,8,47,Missed Shot,Jump Shot,3PT Field Goal,Above the Break 3,Center(C),24+ ft.,25,62,247,1,0
147,Shot Chart Detail,0021400397,298,201158,Marco Belinelli,1610612759,San Antonio Spurs,3,7,50,Made Shot,Pullup Jump shot,2PT Field Goal,Mid-Range,Left Side Center(LC),16-24 ft.,21,-79,197,1,1
148,Shot Chart Detail,0021400397,301,201158,Marco Belinelli,1610612759,San Antonio Spurs,3,7,19,Missed Shot,Jump Shot,3PT Field Goal,Above the Break 3,Center(C),24+ ft.,24,65,239,1,0
149,Shot Chart Detail,0021400397,365,201158,Marco Belinelli,1610612759,San Antonio Spurs,3,2,52,Missed Shot,Jump Shot,2PT Field Goal,In The Paint (Non-RA),Center(C),Less Than 8 ft.,7,58,45,1,0
150,Shot Chart Detail,0021400397,501,201158,Marco Belinelli,1610612759,San Antonio Spurs,4,3,52,Made Shot,Floating Jump shot,2PT Field Goal,In The Paint (Non-RA),Center(C),8-16 ft.,10,51,97,1,1
151,Shot Chart Detail,0021400397,543,201158,Marco Belinelli,1610612759,San Antonio Spurs,4,0,0,Missed Shot,Jump Shot,3PT Field Goal,Above the Break 3,Right Side Center(RC),24+ ft.,25,173,181,1,0
152,Shot Chart Detail,0021400414,101,201158,Marco Belinelli,1610612759,San Antonio Spurs,1,1,24,Made Shot,Jump Shot,3PT Field Goal,Above the Break 3,Right Side Center(RC),24+ ft.,24,129,214,1,1
153,Shot Chart Detail,0021400414,115,201158,Marco Belinelli,1610612759,San Antonio Spurs,2,11,27,Made Shot,Jump Shot,3PT Field Goal,Left Corner 3,Left Side(L),24+ ft.,22,-229,-11,1,1
154,Shot Chart Detail,0021400414,133,201158,Marco Belinelli,1610612759,San Antonio Spurs,2,9,8,Made Shot,Jump Shot,3PT Field Goal,Above the Break 3,Center(C),24+ ft.,24,21,246,1,1
155,Shot Chart Detail,0021400414,230,201158,Marco Belinelli,1610612759,San Antonio Spurs,2,2,21,Missed Shot,Jump Shot,3PT Field Goal,Above the Break 3,Left Side Center(LC),24+ ft.,25,-193,159,1,0
156,Shot Chart Detail,0021400428,83,201158,Marco Belinelli,1610612759,San Antonio Spurs,1,4,48,Made Shot,Jump Shot,2PT Field Goal,Mid-Range,Right Side(R),8-16 ft.,12,127,9,1,1
157,Shot Chart Detail,0021400428,290,201158,Marco Belinelli,1610612759,San Antonio Spurs,3,10,42,Made Shot,Driving Dunk Shot,2PT Field Goal,Restricted Area,Center(C),Less Than 8 ft.,0,0,1,1,1
158,Shot Chart Detail,0021400428,294,201158,Marco Belinelli,1610612759,San Antonio Spurs,3,9,33,Missed Shot,Jump Shot,3PT Field Goal,Above the Break 3,Right Side Center(RC),24+ ft.,25,231,112,1,0
159,Shot Chart Detail,0021400428,436,201158,Marco Belinelli,1610612759,San Antonio Spurs,4,10,4,Missed Shot,Layup Shot,2PT Field Goal,Restricted Area,Center(C),Less Than 8 ft.,2,24,-16,1,0
160,Shot Chart Detail,0021400428,462,201158,Marco Belinelli,1610612759,San Antonio Spurs,4,7,42,Made Shot,Jump Shot,3PT Field Goal,Above the Break 3,Center(C),24+ ft.,25,-7,250,1,1
161,Shot Chart Detail,0021400437,117,201158,Marco Belinelli,1610612759,San Antonio Spurs,2,11,38,Made Shot,Jump Shot,2PT Field Goal,Mid-Range,Left Side(L),16-24 ft.,18,-172,60,1,1
162,Shot Chart Detail,0021400437,121,201158,Marco Belinelli,1610612759,San Antonio Spurs,2,10,52,Missed Shot,Jump Shot,2PT Field Goal,In The Paint (Non-RA),Center(C),Less Than 8 ft.,6,50,45,1,0
163,Shot Chart Detail,0021400437,126,201158,Marco Belinelli,1610612759,San Antonio Spurs,2,10,29,Missed Shot,Jump Shot,2PT Field Goal,Mid-Range,Left Side(L),16-24 ft.,19,-194,41,1,0
164,Shot Chart Detail,0021400437,145,201158,Marco Belinelli,1610612759,San Antonio Spurs,2,8,11,Missed Shot,Layup Shot,2PT Field Goal,Restricted Area,Center(C),Less Than 8 ft.,1,-10,15,1,0
165,Shot Chart Detail,0021400437,290,201158,Marco Belinelli,1610612759,San Antonio Spurs,3,6,10,Made Shot,Jump Shot,3PT Field Goal,Above the Break 3,Right Side Center(RC),24+ ft.,24,220,112,1,1
166,Shot Chart Detail,0021400437,297,201158,Marco Belinelli,1610612759,San Antonio Spurs,3,5,40,Made Shot,Jump Shot,2PT Field Goal,Mid-Range,Left Side Center(LC),16-24 ft.,21,-76,200,1,1
167,Shot Chart Detail,0021400437,299,201158,Marco Belinelli,1610612759,San Antonio Spurs,3,5,1,Missed Shot,Jump Shot,2PT Field Goal,Mid-Range,Right Side Center(RC),16-24 ft.,21,105,187,1,0
168,Shot Chart Detail,0021400437,332,201158,Marco Belinelli,1610612759,San Antonio Spurs,3,3,12,Made Shot,Layup Shot,2PT Field Goal,Restricted Area,Center(C),Less Than 8 ft.,2,23,17,1,1
169,Shot Chart Detail,0021400437,338,201158,Marco Belinelli,1610612759,San Antonio Spurs,3,2,25,Missed Shot,Jump Shot,3PT Field Goal,Above the Break 3,Right Side Center(RC),24+ ft.,25,187,178,1,0
170,Shot Chart Detail,0021400437,391,201158,Marco Belinelli,1610612759,San Antonio Spurs,4,8,39,Missed Shot,Jump Bank Shot,2PT Field Goal,In The Paint (Non-RA),Center(C),Less Than 8 ft.,5,56,17,1,0
171,Shot Chart Detail,0021400437,401,201158,Marco Belinelli,1610612759,San Antonio Spurs,4,7,36,Missed Shot,Jump Shot,3PT Field Goal,Above the Break 3,Center(C),24+ ft.,24,12,249,1,0
172,Shot Chart Detail,0021400437,418,201158,Marco Belinelli,1610612759,San Antonio Spurs,4,6,26,Made Shot,Layup Shot,2PT Field Goal,Restricted Area,Center(C),Less Than 8 ft.,2,1,25,1,1
173,Shot Chart Detail,0021400437,420,201158,Marco Belinelli,1610612759,San Antonio Spurs,4,5,51,Made Shot,Jump Shot,2PT Field Goal,Mid-Range,Right Side(R),8-16 ft.,11,99,66,1,1
174,Shot Chart Detail,0021400437,457,201158,Marco Belinelli,1610612759,San Antonio Spurs,4,1,58,Missed Shot,Jump Shot,3PT Field Goal,Above the Break 3,Left Side Center(LC),24+ ft.,26,-138,222,1,0
175,Shot Chart Detail,0021400454,30,201158,Marco Belinelli,1610612759,San Antonio Spurs,1,7,43,Missed Shot,Jump Shot,3PT Field Goal,Above the Break 3,Right Side Center(RC),24+ ft.,25,166,189,1,0
176,Shot Chart Detail,0021400454,108,201158,Marco Belinelli,1610612759,San Antonio Spurs,1,1,16,Missed Shot,Jump Shot,3PT Field Goal,Above the Break 3,Left Side Center(LC),24+ ft.,24,-166,175,1,0
177,Shot Chart Detail,0021400454,151,201158,Marco Belinelli,1610612759,San Antonio Spurs,2,11,6,Missed Shot,Jump Shot,2PT Field Goal,Mid-Range,Left Side(L),16-24 ft.,18,-185,7,1,0
178,Shot Chart Detail,0021400454,173,201158,Marco Belinelli,1610612759,San Antonio Spurs,2,8,42,Missed Shot,Jump Shot,3PT Field Goal,Left Corner 3,Left Side(L),24+ ft.,22,-226,7,1,0
179,Shot Chart Detail,0021400454,189,201158,Marco Belinelli,1610612759,San Antonio Spurs,2,6,52,Missed Shot,Jump Shot,2PT Field Goal,Mid-Range,Left Side Center(LC),16-24 ft.,18,-149,110,1,0
180,Shot Chart Detail,0021400454,294,201158,Marco Belinelli,1610612759,San Antonio Spurs,3,9,41,Made Shot,Jump Shot,3PT Field Goal,Right Corner 3,Right Side(R),24+ ft.,23,239,-3,1,1
181,Shot Chart Detail,0021400454,302,201158,Marco Belinelli,1610612759,San Antonio Spurs,3,9,15,Missed Shot,Jump Shot,2PT Field Goal,Mid-Range,Center(C),16-24 ft.,22,10,220,1,0
182,Shot Chart Detail,0021400454,355,201158,Marco Belinelli,1610612759,San Antonio Spurs,3,6,36,Missed Shot,Layup Shot,2PT Field Goal,Restricted Area,Center(C),Less Than 8 ft.,3,-29,14,1,0
183,Shot Chart Detail,0021400454,346,201158,Marco Belinelli,1610612759,San Antonio Spurs,3,5,53,Missed Shot,Floating Jump shot,2PT Field Goal,In The Paint (Non-RA),Center(C),Less Than 8 ft.,6,43,53,1,0
184,Shot Chart Detail,0021400454,391,201158,Marco Belinelli,1610612759,San Antonio Spurs,3,2,4,Made Shot,Jump Shot,3PT Field Goal,Right Corner 3,Right Side(R),24+ ft.,23,237,-3,1,1
185,Shot Chart Detail,0021400454,417,201158,Marco Belinelli,1610612759,San Antonio Spurs,3,0,11,Missed Shot,Jump Shot,3PT Field Goal,Above the Break 3,Right Side Center(RC),24+ ft.,26,193,175,1,0
186,Shot Chart Detail,0021400468,15,201158,Marco Belinelli,1610612759,San Antonio Spurs,1,10,14,Missed Shot,Layup Shot,2PT Field Goal,Restricted Area,Center(C),Less Than 8 ft.,1,10,3,1,0
187,Shot Chart Detail,0021400468,68,201158,Marco Belinelli,1610612759,San Antonio Spurs,1,5,2,Made Shot,Jump Shot,3PT Field Goal,Above the Break 3,Right Side Center(RC),24+ ft.,26,162,209,1,1
188,Shot Chart Detail,0021400468,76,201158,Marco Belinelli,1610612759,San Antonio Spurs,1,3,39,Missed Shot,Jump Shot,3PT Field Goal,Above the Break 3,Left Side Center(LC),24+ ft.,25,-183,175,1,0
189,Shot Chart Detail,0021400468,79,201158,Marco Belinelli,1610612759,San Antonio Spurs,1,3,17,Made Shot,Finger Roll Layup Shot,2PT Field Goal,Restricted Area,Center(C),Less Than 8 ft.,1,-10,6,1,1
190,Shot Chart Detail,0021400468,81,201158,Marco Belinelli,1610612759,San Antonio Spurs,1,2,39,Made Shot,Jump Shot,3PT Field Goal,Above the Break 3,Center(C),24+ ft.,25,4,250,1,1
191,Shot Chart Detail,0021400468,91,201158,Marco Belinelli,1610612759,San Antonio Spurs,1,1,22,Missed Shot,Jump Shot,3PT Field Goal,Above the Break 3,Right Side Center(RC),24+ ft.,24,135,209,1,0
192,Shot Chart Detail,0021400468,198,201158,Marco Belinelli,1610612759,San Antonio Spurs,2,3,20,Made Shot,Finger Roll Layup Shot,2PT Field Goal,Restricted Area,Center(C),Less Than 8 ft.,0,7,3,1,1
193,Shot Chart Detail,0021400468,219,201158,Marco Belinelli,1610612759,San Antonio Spurs,2,1,22,Made Shot,Jump Shot,3PT Field Goal,Left Corner 3,Left Side(L),24+ ft.,22,-229,-8,1,1
194,Shot Chart Detail,0021400468,231,201158,Marco Belinelli,1610612759,San Antonio Spurs,2,0,35,Made Shot,Jump Shot,3PT Field Goal,Left Corner 3,Left Side(L),24+ ft.,23,-234,4,1,1
195,Shot Chart Detail,0021400468,265,201158,Marco Belinelli,1610612759,San Antonio Spurs,3,8,22,Missed Shot,Running Layup Shot,2PT Field Goal,Restricted Area,Center(C),Less Than 8 ft.,0,2,-3,1,0
196,Shot Chart Detail,0021400468,285,201158,Marco Belinelli,1610612759,San Antonio Spurs,3,6,48,Missed Shot,Running Jump Shot,2PT Field Goal,In The Paint (Non-RA),Center(C),8-16 ft.,9,-30,91,1,0
197,Shot Chart Detail,0021400468,327,201158,Marco Belinelli,1610612759,San Antonio Spurs,3,3,8,Missed Shot,Jump Shot,3PT Field Goal,Above the Break 3,Center(C),24+ ft.,25,-78,246,1,0
198,Shot Chart Detail,0021400468,335,201158,Marco Belinelli,1610612759,San Antonio Spurs,3,2,21,Made Shot,Pullup Jump shot,2PT Field Goal,Mid-Range,Center(C),16-24 ft.,18,48,181,1,1
199,Shot Chart Detail,0021400481,68,201158,Marco Belinelli,1610612759,San Antonio Spurs,1,3,50,Made Shot,Layup Shot,2PT Field Goal,Restricted Area,Center(C),Less Than 8 ft.,1,4,11,1,1
200,Shot Chart Detail,0021400481,165,201158,Marco Belinelli,1610612759,San Antonio Spurs,2,5,58,Missed Shot,Jump Shot,2PT Field Goal,Mid-Range,Right Side Center(RC),16-24 ft.,19,143,126,1,0
201,Shot Chart Detail,0021400481,200,201158,Marco Belinelli,1610612759,San Antonio Spurs,2,2,39,Missed Shot,Jump Shot,2PT Field Goal,Mid-Range,Left Side(L),16-24 ft.,16,-153,72,1,0
202,Shot Chart Detail,0021400481,202,201158,Marco Belinelli,1610612759,San Antonio Spurs,2,2,34,Missed Shot,Jump Shot,3PT Field Goal,Above the Break 3,Left Side Center(LC),24+ ft.,24,-160,189,1,0
203,Shot Chart Detail,0021400481,217,201158,Marco Belinelli,1610612759,San Antonio Spurs,2,1,31,Made Shot,Jump Shot,2PT Field Goal,Mid-Range,Center(C),8-16 ft.,15,1,157,1,1
204,Shot Chart Detail,0021400481,284,201158,Marco Belinelli,1610612759,San Antonio Spurs,3,5,21,Missed Shot,Jump Shot,3PT Field Goal,Right Corner 3,Right Side(R),24+ ft.,23,236,4,1,0
205,Shot Chart Detail,0021400481,301,201158,Marco Belinelli,1610612759,San Antonio Spurs,3,3,47,Made Shot,Layup Shot,2PT Field Goal,Restricted Area,Center(C),Less Than 8 ft.,1,7,9,1,1
206,Shot Chart Detail,0021400481,380,201158,Marco Belinelli,1610612759,San Antonio Spurs,4,9,35,Made Shot,Layup Shot,2PT Field Goal,Restricted Area,Center(C),Less Than 8 ft.,1,-5,19,1,1
207,Shot Chart Detail,0021400499,2,201158,Marco Belinelli,1610612759,San Antonio Spurs,1,11,43,Made Shot,Jump Shot,2PT Field Goal,Mid-Range,Right Side Center(RC),16-24 ft.,22,160,164,1,1
208,Shot Chart Detail,0021400499,4,201158,Marco Belinelli,1610612759,San Antonio Spurs,1,11,10,Missed Shot,Pullup Jump shot,3PT Field Goal,Above the Break 3,Left Side Center(LC),24+ ft.,24,-150,198,1,0
209,Shot Chart Detail,0021400499,87,201158,Marco Belinelli,1610612759,San Antonio Spurs,1,0,14,Missed Shot,Layup Shot,2PT Field Goal,Restricted Area,Center(C),Less Than 8 ft.,1,-15,6,1,0
210,Shot Chart Detail,0021400499,179,201158,Marco Belinelli,1610612759,San Antonio Spurs,2,4,6,Missed Shot,Jump Shot,3PT Field Goal,Right Corner 3,Right Side(R),24+ ft.,23,237,9,1,0
211,Shot Chart Detail,0021400499,297,201158,Marco Belinelli,1610612759,San Antonio Spurs,3,3,0,Made Shot,Jump Shot,2PT Field Goal,Mid-Range,Right Side(R),16-24 ft.,17,171,-2,1,1
212,Shot Chart Detail,0021400499,324,201158,Marco Belinelli,1610612759,San Antonio Spurs,3,0,12,Missed Shot,Fadeaway Jump Shot,2PT Field Goal,Mid-Range,Right Side(R),16-24 ft.,21,190,99,1,0
213,Shot Chart Detail,0021400499,373,201158,Marco Belinelli,1610612759,San Antonio Spurs,4,7,41,Missed Shot,Driving Bank shot,2PT Field Goal,In The Paint (Non-RA),Center(C),Less Than 8 ft.,5,48,25,1,0
214,Shot Chart Detail,0021400499,396,201158,Marco Belinelli,1610612759,San Antonio Spurs,4,6,3,Missed Shot,Jump Shot,2PT Field Goal,Restricted Area,Center(C),Less Than 8 ft.,3,34,4,1,0
215,Shot Chart Detail,0021400499,398,201158,Marco Belinelli,1610612759,San Antonio Spurs,4,5,59,Made Shot,Jump Shot,2PT Field Goal,Mid-Range,Right Side(R),16-24 ft.,19,192,34,1,1
216,Shot Chart Detail,0021400499,422,201158,Marco Belinelli,1610612759,San Antonio Spurs,4,3,48,Missed Shot,Jump Shot,3PT Field Goal,Right Corner 3,Right Side(R),24+ ft.,24,236,47,1,0
217,Shot Chart Detail,0021400499,424,201158,Marco Belinelli,1610612759,San Antonio Spurs,4,3,44,Made Shot,Alley Oop Layup shot,2PT Field Goal,Restricted Area,Center(C),Less Than 8 ft.,1,13,0,1,1
218,Shot Chart Detail,0021400521,2,201158,Marco Belinelli,1610612759,San Antonio Spurs,1,11,47,Made Shot,Jump Shot,3PT Field Goal,Above the Break 3,Left Side Center(LC),24+ ft.,24,-150,195,1,1
219,Shot Chart Detail,0021400521,13,201158,Marco Belinelli,1610612759,San Antonio Spurs,1,10,28,Missed Shot,Jump Shot,3PT Field Goal,Left Corner 3,Left Side(L),24+ ft.,23,-235,-6,1,0
220,Shot Chart Detail,0021400521,34,201158,Marco Belinelli,1610612759,San Antonio Spurs,1,7,10,Missed Shot,Jump Shot,3PT Field Goal,Above the Break 3,Center(C),24+ ft.,31,2,312,1,0
221,Shot Chart Detail,0021400521,162,201158,Marco Belinelli,1610612759,San Antonio Spurs,2,10,10,Missed Shot,Jump Shot,3PT Field Goal,Left Corner 3,Left Side(L),24+ ft.,23,-234,-2,1,0
222,Shot Chart Detail,0021400521,249,201158,Marco Belinelli,1610612759,San Antonio Spurs,2,3,10,Missed Shot,Running Jump Shot,2PT Field Goal,In The Paint (Non-RA),Center(C),Less Than 8 ft.,7,12,69,1,0
223,Shot Chart Detail,0021400521,305,201158,Marco Belinelli,1610612759,San Antonio Spurs,3,10,32,Made Shot,Jump Shot,2PT Field Goal,Mid-Range,Left Side Center(LC),16-24 ft.,21,-101,190,1,1
224,Shot Chart Detail,0021400521,314,201158,Marco Belinelli,1610612759,San Antonio Spurs,3,9,30,Made Shot,Jump Shot,2PT Field Goal,Mid-Range,Left Side(L),16-24 ft.,19,-193,41,1,1
225,Shot Chart Detail,0021400521,432,201158,Marco Belinelli,1610612759,San Antonio Spurs,3,0,3,Made Shot,Jump Shot,3PT Field Goal,Above the Break 3,Right Side Center(RC),24+ ft.,26,143,227,1,1
226,Shot Chart Detail,0021400545,23,201158,Marco Belinelli,1610612759,San Antonio Spurs,1,9,5,Missed Shot,Jump Shot,3PT Field Goal,Above the Break 3,Center(C),24+ ft.,25,26,254,1,0
227,Shot Chart Detail,0021400545,32,201158,Marco Belinelli,1610612759,San Antonio Spurs,1,8,12,Made Shot,Pullup Jump shot,2PT Field Goal,Mid-Range,Left Side(L),8-16 ft.,13,-117,67,1,1
228,Shot Chart Detail,0021400545,57,201158,Marco Belinelli,1610612759,San Antonio Spurs,1,5,56,Missed Shot,Jump Shot,3PT Field Goal,Above the Break 3,Right Side Center(RC),24+ ft.,25,122,222,1,0
229,Shot Chart Detail,0021400545,174,201158,Marco Belinelli,1610612759,San Antonio Spurs,2,6,5,Made Shot,Floating Jump shot,2PT Field Goal,In The Paint (Non-RA),Center(C),8-16 ft.,8,10,83,1,1
230,Shot Chart Detail,0021400545,190,201158,Marco Belinelli,1610612759,San Antonio Spurs,2,4,34,Missed Shot,Jump Shot,2PT Field Goal,Mid-Range,Center(C),16-24 ft.,21,7,213,1,0
231,Shot Chart Detail,0021400545,193,201158,Marco Belinelli,1610612759,San Antonio Spurs,2,4,1,Missed Shot,Jump Shot,3PT Field Goal,Above the Break 3,Center(C),24+ ft.,29,89,285,1,0
232,Shot Chart Detail,0021400545,248,201158,Marco Belinelli,1610612759,San Antonio Spurs,3,10,19,Missed Shot,Jump Shot,2PT Field Goal,Mid-Range,Right Side Center(RC),16-24 ft.,20,113,173,1,0
233,Shot Chart Detail,0021400545,289,201158,Marco Belinelli,1610612759,San Antonio Spurs,3,6,33,Missed Shot,Jump Shot,2PT Field Goal,In The Paint (Non-RA),Left Side(L),8-16 ft.,8,-73,45,1,0
234,Shot Chart Detail,0021400545,415,201158,Marco Belinelli,1610612759,San Antonio Spurs,4,6,19,Missed Shot,Jump Shot,3PT Field Goal,Above the Break 3,Center(C),24+ ft.,24,20,241,1,0
235,Shot Chart Detail,0021400739,64,201158,Marco Belinelli,1610612759,San Antonio Spurs,1,3,34,Missed Shot,Jump Shot,2PT Field Goal,Mid-Range,Left Side Center(LC),16-24 ft.,23,-123,195,1,0
236,Shot Chart Detail,0021400739,315,201158,Marco Belinelli,1610612759,San Antonio Spurs,3,1,11,Made Shot,Jump Shot,3PT Field Goal,Right Corner 3,Right Side(R),24+ ft.,23,236,0,1,1
237,Shot Chart Detail,0021400739,318,201158,Marco Belinelli,1610612759,San Antonio Spurs,3,0,32,Made Shot,Jump Shot,3PT Field Goal,Above the Break 3,Right Side Center(RC),24+ ft.,26,105,238,1,1
238,Shot Chart Detail,0021400739,347,201158,Marco Belinelli,1610612759,San Antonio Spurs,4,9,5,Missed Shot,Jump Shot,3PT Field Goal,Right Corner 3,Right Side(R),24+ ft.,24,236,77,1,0
239,Shot Chart Detail,0021400739,356,201158,Marco Belinelli,1610612759,San Antonio Spurs,4,7,50,Made Shot,Jump Shot,3PT Field Goal,Right Corner 3,Right Side(R),24+ ft.,24,241,-5,1,1
240,Shot Chart Detail,0021400739,371,201158,Marco Belinelli,1610612759,San Antonio Spurs,4,6,41,Made Shot,Reverse Layup Shot,2PT Field Goal,Restricted Area,Center(C),Less Than 8 ft.,0,-8,3,1,1
241,Shot Chart Detail,0021400757,128,201158,Marco Belinelli,1610612759,San Antonio Spurs,2,9,30,Missed Shot,Step Back Jump shot,3PT Field Goal,Above the Break 3,Right Side Center(RC),24+ ft.,24,88,231,1,0
242,Shot Chart Detail,0021400757,142,201158,Marco Belinelli,1610612759,San Antonio Spurs,2,7,42,Missed Shot,Jump Shot,3PT Field Goal,Above the Break 3,Right Side Center(RC),24+ ft.,25,228,104,1,0
243,Shot Chart Detail,0021400757,220,201158,Marco Belinelli,1610612759,San Antonio Spurs,3,10,4,Missed Shot,Layup Shot,2PT Field Goal,Restricted Area,Center(C),Less Than 8 ft.,1,10,-5,1,0
244,Shot Chart Detail,0021400757,251,201158,Marco Belinelli,1610612759,San Antonio Spurs,3,7,20,Made Shot,Jump Shot,2PT Field Goal,Mid-Range,Right Side(R),16-24 ft.,21,217,28,1,1
245,Shot Chart Detail,0021400757,392,201158,Marco Belinelli,1610612759,San Antonio Spurs,4,3,51,Made Shot,Step Back Jump shot,2PT Field Goal,Mid-Range,Left Side Center(LC),16-24 ft.,18,-68,173,1,1
246,Shot Chart Detail,0021400772,194,201158,Marco Belinelli,1610612759,San Antonio Spurs,2,6,29,Made Shot,Layup Shot,2PT Field Goal,Restricted Area,Center(C),Less Than 8 ft.,2,-23,14,1,1
247,Shot Chart Detail,0021400772,210,201158,Marco Belinelli,1610612759,San Antonio Spurs,2,5,30,Made Shot,Running Finger Roll Layup Shot,2PT Field Goal,Restricted Area,Center(C),Less Than 8 ft.,2,-21,3,1,1
248,Shot Chart Detail,0021400772,216,201158,Marco Belinelli,1610612759,San Antonio Spurs,2,4,55,Missed Shot,Jump Shot,2PT Field Goal,Mid-Range,Left Side Center(LC),16-24 ft.,20,-153,135,1,0
249,Shot Chart Detail,0021400772,219,201158,Marco Belinelli,1610612759,San Antonio Spurs,2,4,22,Made Shot,Running Layup Shot,2PT Field Goal,Restricted Area,Center(C),Less Than 8 ft.,2,-19,7,1,1
250,Shot Chart Detail,0021400772,435,201158,Marco Belinelli,1610612759,San Antonio Spurs,4,8,56,Missed Shot,Jump Shot,3PT Field Goal,Above the Break 3,Center(C),24+ ft.,24,70,238,1,0
251,Shot Chart Detail,0021400772,472,201158,Marco Belinelli,1610612759,San Antonio Spurs,4,6,17,Made Shot,Jump Shot,3PT Field Goal,Above the Break 3,Left Side Center(LC),24+ ft.,24,-179,164,1,1
252,Shot Chart Detail,0021400772,511,201158,Marco Belinelli,1610612759,San Antonio Spurs,4,2,20,Made Shot,Jump Shot,3PT Field Goal,Above the Break 3,Left Side Center(LC),24+ ft.,25,-182,173,1,1
253,Shot Chart Detail,0021400772,522,201158,Marco Belinelli,1610612759,San Antonio Spurs,4,0,40,Missed Shot,Jump Shot,3PT Field Goal,Above the Break 3,Right Side Center(RC),24+ ft.,26,159,208,1,0
254,Shot Chart Detail,0021400774,82,201158,Marco Belinelli,1610612759,San Antonio Spurs,1,2,9,Missed Shot,Jump Shot,3PT Field Goal,Left Corner 3,Left Side(L),24+ ft.,23,-231,-5,1,0
255,Shot Chart Detail,0021400774,300,201158,Marco Belinelli,1610612759,San Antonio Spurs,3,5,3,Made Shot,Jump Shot,3PT Field Goal,Above the Break 3,Right Side Center(RC),24+ ft.,27,157,230,1,1
256,Shot Chart Detail,0021400774,349,201158,Marco Belinelli,1610612759,San Antonio Spurs,4,11,44,Made Shot,Jump Shot,3PT Field Goal,Above the Break 3,Right Side Center(RC),24+ ft.,26,84,254,1,1
257,Shot Chart Detail,0021400774,367,201158,Marco Belinelli,1610612759,San Antonio Spurs,4,9,51,Missed Shot,Jump Shot,3PT Field Goal,Above the Break 3,Center(C),24+ ft.,27,2,271,1,0
258,Shot Chart Detail,0021400774,383,201158,Marco Belinelli,1610612759,San Antonio Spurs,4,8,18,Made Shot,Floating Jump shot,2PT Field Goal,In The Paint (Non-RA),Center(C),8-16 ft.,12,31,118,1,1
259,Shot Chart Detail,0021400774,478,201158,Marco Belinelli,1610612759,San Antonio Spurs,4,0,2,Made Shot,Pullup Jump shot,2PT Field Goal,Mid-Range,Left Side(L),16-24 ft.,17,-177,-13,1,1
260,Shot Chart Detail,0021400790,100,201158,Marco Belinelli,1610612759,San Antonio Spurs,1,1,39,Missed Shot,Jump Shot,2PT Field Goal,In The Paint (Non-RA),Center(C),Less Than 8 ft.,5,54,15,1,0
261,Shot Chart Detail,0021400790,110,201158,Marco Belinelli,1610612759,San Antonio Spurs,1,0,2,Missed Shot,Jump Shot,3PT Field Goal,Above the Break 3,Right Side Center(RC),24+ ft.,27,135,238,1,0
262,Shot Chart Detail,0021400790,135,201158,Marco Belinelli,1610612759,San Antonio Spurs,2,9,59,Made Shot,Layup Shot,2PT Field Goal,Restricted Area,Center(C),Less Than 8 ft.,1,-13,-5,1,1
263,Shot Chart Detail,0021400790,147,201158,Marco Belinelli,1610612759,San Antonio Spurs,2,7,59,Missed Shot,Jump Shot,3PT Field Goal,Above the Break 3,Right Side Center(RC),24+ ft.,26,192,187,1,0
264,Shot Chart Detail,0021400790,313,201158,Marco Belinelli,1610612759,San Antonio Spurs,3,3,53,Made Shot,Jump Shot,3PT Field Goal,Right Corner 3,Right Side(R),24+ ft.,23,234,47,1,1
265,Shot Chart Detail,0021400790,323,201158,Marco Belinelli,1610612759,San Antonio Spurs,3,2,39,Missed Shot,Jump Shot,3PT Field Goal,Left Corner 3,Left Side(L),24+ ft.,22,-223,17,1,0
266,Shot Chart Detail,0021400790,325,201158,Marco Belinelli,1610612759,San Antonio Spurs,3,2,29,Missed Shot,Reverse Layup Shot,2PT Field Goal,Restricted Area,Center(C),Less Than 8 ft.,0,0,6,1,0
267,Shot Chart Detail,0021400790,337,201158,Marco Belinelli,1610612759,San Antonio Spurs,3,1,0,Made Shot,Jump Shot,2PT Field Goal,Mid-Range,Left Side(L),16-24 ft.,16,-166,17,1,1
268,Shot Chart Detail,0021400790,366,201158,Marco Belinelli,1610612759,San Antonio Spurs,4,9,27,Missed Shot,Jump Shot,3PT Field Goal,Left Corner 3,Left Side(L),24+ ft.,23,-231,25,1,0
269,Shot Chart Detail,0021400790,370,201158,Marco Belinelli,1610612759,San Antonio Spurs,4,8,59,Made Shot,Jump Shot,3PT Field Goal,Above the Break 3,Center(C),24+ ft.,26,73,250,1,1
270,Shot Chart Detail,0021400802,127,201158,Marco Belinelli,1610612759,San Antonio Spurs,2,9,21,Made Shot,Jump Shot,3PT Field Goal,Above the Break 3,Left Side Center(LC),24+ ft.,23,-128,203,1,1
271,Shot Chart Detail,0021400802,172,201158,Marco Belinelli,1610612759,San Antonio Spurs,2,6,2,Missed Shot,Jump Shot,3PT Field Goal,Right Corner 3,Right Side(R),24+ ft.,23,233,4,1,0
272,Shot Chart Detail,0021400802,194,201158,Marco Belinelli,1610612759,San Antonio Spurs,2,4,9,Made Shot,Jump Shot,2PT Field Goal,Mid-Range,Right Side Center(RC),16-24 ft.,19,91,167,1,1
273,Shot Chart Detail,0021400802,206,201158,Marco Belinelli,1610612759,San Antonio Spurs,2,3,11,Made Shot,Jump Shot,3PT Field Goal,Above the Break 3,Left Side Center(LC),24+ ft.,26,-130,227,1,1
274,Shot Chart Detail,0021400802,376,201158,Marco Belinelli,1610612759,San Antonio Spurs,3,2,36,Missed Shot,Jump Shot,2PT Field Goal,Mid-Range,Right Side(R),16-24 ft.,20,200,61,1,0
275,Shot Chart Detail,0021400802,523,201158,Marco Belinelli,1610612759,San Antonio Spurs,4,5,26,Missed Shot,Jump Shot,2PT Field Goal,Mid-Range,Right Side Center(RC),16-24 ft.,21,84,201,1,0
276,Shot Chart Detail,0021400802,540,201158,Marco Belinelli,1610612759,San Antonio Spurs,4,4,34,Missed Shot,Jump Shot,3PT Field Goal,Above the Break 3,Center(C),24+ ft.,26,10,265,1,0
277,Shot Chart Detail,0021400802,545,201158,Marco Belinelli,1610612759,San Antonio Spurs,4,4,17,Missed Shot,Jump Shot,3PT Field Goal,Left Corner 3,Left Side(L),24+ ft.,23,-234,25,1,0
278,Shot Chart Detail,0021400802,586,201158,Marco Belinelli,1610612759,San Antonio Spurs,4,0,30,Made Shot,Jump Shot,3PT Field Goal,Above the Break 3,Left Side Center(LC),24+ ft.,26,-136,222,1,1
279,Shot Chart Detail,0021400814,137,201158,Marco Belinelli,1610612759,San Antonio Spurs,2,9,22,Missed Shot,Jump Shot,2PT Field Goal,Mid-Range,Left Side(L),16-24 ft.,16,-138,85,1,0
280,Shot Chart Detail,0021400814,151,201158,Marco Belinelli,1610612759,San Antonio Spurs,2,8,44,Made Shot,Turnaround Jump Shot,2PT Field Goal,Mid-Range,Left Side Center(LC),16-24 ft.,18,-97,153,1,1
281,Shot Chart Detail,0021400814,167,201158,Marco Belinelli,1610612759,San Antonio Spurs,2,6,31,Missed Shot,Driving Finger Roll Layup Shot,2PT Field Goal,Restricted Area,Center(C),Less Than 8 ft.,2,20,12,1,0
282,Shot Chart Detail,0021400814,170,201158,Marco Belinelli,1610612759,San Antonio Spurs,2,6,18,Made Shot,Pullup Jump shot,3PT Field Goal,Left Corner 3,Left Side(L),24+ ft.,22,-223,4,1,1
283,Shot Chart Detail,0021400814,192,201158,Marco Belinelli,1610612759,San Antonio Spurs,2,4,28,Made Shot,Step Back Jump shot,2PT Field Goal,Mid-Range,Right Side Center(RC),16-24 ft.,21,118,184,1,1
284,Shot Chart Detail,0021400814,236,201158,Marco Belinelli,1610612759,San Antonio Spurs,2,0,3,Made Shot,Step Back Jump shot,2PT Field Goal,In The Paint (Non-RA),Left Side(L),8-16 ft.,12,-62,105,1,1
285,Shot Chart Detail,0021400814,335,201158,Marco Belinelli,1610612759,San Antonio Spurs,3,3,24,Missed Shot,Jump Shot,2PT Field Goal,Mid-Range,Left Side(L),8-16 ft.,12,-119,23,1,0
286,Shot Chart Detail,0021400814,367,201158,Marco Belinelli,1610612759,San Antonio Spurs,3,0,25,Missed Shot,Pullup Jump shot,3PT Field Goal,Left Corner 3,Left Side(L),24+ ft.,23,-231,39,1,0
287,Shot Chart Detail,0021400836,284,201158,Marco Belinelli,1610612759,San Antonio Spurs,3,9,14,Missed Shot,Jump Shot,3PT Field Goal,Above the Break 3,Left Side Center(LC),24+ ft.,24,-87,233,1,0
288,Shot Chart Detail,0021400836,308,201158,Marco Belinelli,1610612759,San Antonio Spurs,3,6,42,Made Shot,Jump Shot,3PT Field Goal,Above the Break 3,Right Side Center(RC),24+ ft.,24,163,179,1,1
289,Shot Chart Detail,0021400836,360,201158,Marco Belinelli,1610612759,San Antonio Spurs,3,3,22,Missed Shot,Jump Shot,3PT Field Goal,Above the Break 3,Right Side Center(RC),24+ ft.,25,118,222,1,0
290,Shot Chart Detail,0021400836,369,201158,Marco Belinelli,1610612759,San Antonio Spurs,3,2,38,Made Shot,Driving Layup Shot,2PT Field Goal,Restricted Area,Center(C),Less Than 8 ft.,2,21,-3,1,1
291,Shot Chart Detail,0021400836,393,201158,Marco Belinelli,1610612759,San Antonio Spurs,3,0,2,Missed Shot,Jump Shot,3PT Field Goal,Above the Break 3,Right Side Center(RC),24+ ft.,25,141,213,1,0
292,Shot Chart Detail,0021400836,410,201158,Marco Belinelli,1610612759,San Antonio Spurs,4,10,4,Missed Shot,Jump Shot,2PT Field Goal,Mid-Range,Right Side Center(RC),16-24 ft.,18,111,149,1,0
293,Shot Chart Detail,0021400836,476,201158,Marco Belinelli,1610612759,San Antonio Spurs,4,4,40,Missed Shot,Jump Shot,3PT Field Goal,Above the Break 3,Center(C),24+ ft.,25,13,255,1,0
294,Shot Chart Detail,0021400853,79,201158,Marco Belinelli,1610612759,San Antonio Spurs,1,2,35,Missed Shot,Layup Shot,2PT Field Goal,Restricted Area,Center(C),Less Than 8 ft.,1,-10,6,1,0
295,Shot Chart Detail,0021400853,88,201158,Marco Belinelli,1610612759,San Antonio Spurs,1,1,55,Made Shot,Running Jump Shot,2PT Field Goal,In The Paint (Non-RA),Center(C),Less Than 8 ft.,7,-65,44,1,1
296,Shot Chart Detail,0021400853,114,201158,Marco Belinelli,1610612759,San Antonio Spurs,2,9,38,Made Shot,Jump Shot,3PT Field Goal,Above the Break 3,Right Side Center(RC),24+ ft.,25,83,239,1,1
297,Shot Chart Detail,0021400853,132,201158,Marco Belinelli,1610612759,San Antonio Spurs,2,7,25,Made Shot,Pullup Jump shot,2PT Field Goal,Mid-Range,Center(C),16-24 ft.,20,28,200,1,1
298,Shot Chart Detail,0021400853,376,201158,Marco Belinelli,1610612759,San Antonio Spurs,4,7,50,Made Shot,Jump Shot,2PT Field Goal,Mid-Range,Center(C),8-16 ft.,15,18,153,1,1
299,Shot Chart Detail,0021400853,391,201158,Marco Belinelli,1610612759,San Antonio Spurs,4,5,45,Missed Shot,Jump Shot,3PT Field Goal,Above the Break 3,Right Side Center(RC),24+ ft.,24,147,194,1,0
300,Shot Chart Detail,0021400867,45,201158,Marco Belinelli,1610612759,San Antonio Spurs,1,6,33,Missed Shot,Jump Shot,3PT Field Goal,Above the Break 3,Right Side Center(RC),24+ ft.,25,214,131,1,0
301,Shot Chart Detail,0021400867,86,201158,Marco Belinelli,1610612759,San Antonio Spurs,1,2,31,Missed Shot,Jump Shot,3PT Field Goal,Above the Break 3,Center(C),24+ ft.,25,50,255,1,0
302,Shot Chart Detail,0021400867,90,201158,Marco Belinelli,1610612759,San Antonio Spurs,1,2,6,Missed Shot,Jump Shot,3PT Field Goal,Right Corner 3,Right Side(R),24+ ft.,23,231,7,1,0
303,Shot Chart Detail,0021400867,100,201158,Marco Belinelli,1610612759,San Antonio Spurs,1,1,9,Missed Shot,Jump Shot,2PT Field Goal,Mid-Range,Right Side(R),8-16 ft.,12,114,41,1,0
304,Shot Chart Detail,0021400867,131,201158,Marco Belinelli,1610612759,San Antonio Spurs,2,11,14,Missed Shot,Jump Shot,2PT Field Goal,Mid-Range,Right Side(R),8-16 ft.,13,135,19,1,0
305,Shot Chart Detail,0021400867,225,201158,Marco Belinelli,1610612759,San Antonio Spurs,2,3,42,Made Shot,Jump Shot,3PT Field Goal,Above the Break 3,Right Side Center(RC),24+ ft.,25,152,200,1,1
306,Shot Chart Detail,0021400875,102,201158,Marco Belinelli,1610612759,San Antonio Spurs,1,1,50,Missed Shot,Jump Shot,3PT Field Goal,Above the Break 3,Center(C),24+ ft.,25,67,247,1,0
307,Shot Chart Detail,0021400875,166,201158,Marco Belinelli,1610612759,San Antonio Spurs,2,9,36,Made Shot,Jump Shot,2PT Field Goal,Mid-Range,Right Side Center(RC),16-24 ft.,20,65,190,1,1
308,Shot Chart Detail,0021400875,169,201158,Marco Belinelli,1610612759,San Antonio Spurs,2,9,6,Missed Shot,Jump Shot,2PT Field Goal,Mid-Range,Left Side Center(LC),16-24 ft.,20,-97,181,1,0
309,Shot Chart Detail,0021400875,193,201158,Marco Belinelli,1610612759,San Antonio Spurs,2,7,33,Missed Shot,Jump Shot,2PT Field Goal,Mid-Range,Left Side(L),16-24 ft.,18,-170,67,1,0
310,Shot Chart Detail,0021400875,422,201158,Marco Belinelli,1610612759,San Antonio Spurs,3,0,7,Made Shot,Jump Bank Shot,2PT Field Goal,In The Paint (Non-RA),Center(C),8-16 ft.,10,-2,107,1,1
311,Shot Chart Detail,0021400875,464,201158,Marco Belinelli,1610612759,San Antonio Spurs,4,7,56,Missed Shot,Jump Shot,3PT Field Goal,Above the Break 3,Right Side Center(RC),24+ ft.,25,214,137,1,0
312,Shot Chart Detail,0021400906,121,201158,Marco Belinelli,1610612759,San Antonio Spurs,1,0,0,Made Shot,Pullup Jump shot,2PT Field Goal,Mid-Range,Right Side(R),16-24 ft.,22,184,129,1,1
313,Shot Chart Detail,0021400906,152,201158,Marco Belinelli,1610612759,San Antonio Spurs,2,9,19,Missed Shot,Jump Shot,2PT Field Goal,In The Paint (Non-RA),Center(C),Less Than 8 ft.,7,7,77,1,0
314,Shot Chart Detail,0021400906,181,201158,Marco Belinelli,1610612759,San Antonio Spurs,2,6,48,Missed Shot,Jump Shot,3PT Field Goal,Above the Break 3,Right Side Center(RC),24+ ft.,26,225,132,1,0
315,Shot Chart Detail,0021400906,192,201158,Marco Belinelli,1610612759,San Antonio Spurs,2,6,11,Missed Shot,Jump Shot,3PT Field Goal,Left Corner 3,Left Side(L),24+ ft.,22,-228,-16,1,0
316,Shot Chart Detail,0021400906,421,201158,Marco Belinelli,1610612759,San Antonio Spurs,4,11,17,Made Shot,Jump Shot,3PT Field Goal,Above the Break 3,Right Side Center(RC),24+ ft.,24,193,146,1,1
317,Shot Chart Detail,0021400906,458,201158,Marco Belinelli,1610612759,San Antonio Spurs,4,7,58,Missed Shot,Jump Shot,2PT Field Goal,Mid-Range,Right Side(R),16-24 ft.,17,176,36,1,0
318,Shot Chart Detail,0021400906,465,201158,Marco Belinelli,1610612759,San Antonio Spurs,4,7,3,Made Shot,Jump Shot,3PT Field Goal,Right Corner 3,Right Side(R),24+ ft.,24,244,28,1,1
319,Shot Chart Detail,0021400906,476,201158,Marco Belinelli,1610612759,San Antonio Spurs,4,5,55,Missed Shot,Jump Shot,2PT Field Goal,Mid-Range,Right Side Center(RC),16-24 ft.,21,127,170,1,0
320,Shot Chart Detail,0021400906,492,201158,Marco Belinelli,1610612759,San Antonio Spurs,4,4,5,Made Shot,Step Back Jump shot,3PT Field Goal,Above the Break 3,Left Side Center(LC),24+ ft.,30,-161,258,1,1
321,Shot Chart Detail,0021400906,498,201158,Marco Belinelli,1610612759,San Antonio Spurs,4,2,35,Missed Shot,Jump Shot,2PT Field Goal,In The Paint (Non-RA),Center(C),8-16 ft.,11,47,108,1,0
322,Shot Chart Detail,0021400906,510,201158,Marco Belinelli,1610612759,San Antonio Spurs,4,1,29,Made Shot,Jump Shot,2PT Field Goal,Mid-Range,Right Side Center(RC),16-24 ft.,21,159,148,1,1
323,Shot Chart Detail,0021400906,516,201158,Marco Belinelli,1610612759,San Antonio Spurs,4,1,2,Missed Shot,Jump Shot,3PT Field Goal,Above the Break 3,Right Side Center(RC),24+ ft.,24,212,126,1,0
324,Shot Chart Detail,0021400921,80,201158,Marco Belinelli,1610612759,San Antonio Spurs,1,3,27,Made Shot,Jump Shot,3PT Field Goal,Above the Break 3,Left Side Center(LC),24+ ft.,23,-164,173,1,1
325,Shot Chart Detail,0021400921,88,201158,Marco Belinelli,1610612759,San Antonio Spurs,1,3,3,Missed Shot,Jump Shot,2PT Field Goal,Mid-Range,Left Side Center(LC),16-24 ft.,20,-112,170,1,0
326,Shot Chart Detail,0021400921,128,201158,Marco Belinelli,1610612759,San Antonio Spurs,1,0,0,Missed Shot,Jump Shot,3PT Field Goal,Backcourt,Back Court(BC),Back Court Shot,63,97,627,1,0
327,Shot Chart Detail,0021400921,149,201158,Marco Belinelli,1610612759,San Antonio Spurs,2,9,26,Missed Shot,Layup Shot,2PT Field Goal,Restricted Area,Center(C),Less Than 8 ft.,1,-13,11,1,0
328,Shot Chart Detail,0021400921,233,201158,Marco Belinelli,1610612759,San Antonio Spurs,2,2,11,Made Shot,Jump Shot,3PT Field Goal,Above the Break 3,Center(C),24+ ft.,24,26,247,1,1
329,Shot Chart Detail,0021400931,154,201158,Marco Belinelli,1610612759,San Antonio Spurs,2,8,44,Made Shot,Jump Shot,3PT Field Goal,Above the Break 3,Right Side Center(RC),24+ ft.,25,146,209,1,1
330,Shot Chart Detail,0021400931,439,201158,Marco Belinelli,1610612759,San Antonio Spurs,4,7,42,Missed Shot,Step Back Jump shot,3PT Field Goal,Above the Break 3,Left Side Center(LC),24+ ft.,24,-182,168,1,0
331,Shot Chart Detail,0021400931,466,201158,Marco Belinelli,1610612759,San Antonio Spurs,4,5,14,Missed Shot,Jump Shot,2PT Field Goal,Mid-Range,Left Side Center(LC),16-24 ft.,21,-117,186,1,0
332,Shot Chart Detail,0021400931,471,201158,Marco Belinelli,1610612759,San Antonio Spurs,4,4,19,Missed Shot,Jump Shot,3PT Field Goal,Above the Break 3,Right Side Center(RC),24+ ft.,25,187,178,1,0
333,Shot Chart Detail,0021400949,120,201158,Marco Belinelli,1610612759,San Antonio Spurs,2,10,52,Made Shot,Layup Shot,2PT Field Goal,Restricted Area,Center(C),Less Than 8 ft.,0,1,1,1,1
334,Shot Chart Detail,0021400949,198,201158,Marco Belinelli,1610612759,San Antonio Spurs,2,4,33,Made Shot,Jump Shot,3PT Field Goal,Above the Break 3,Center(C),24+ ft.,25,17,255,1,1
335,Shot Chart Detail,0021400949,220,201158,Marco Belinelli,1610612759,San Antonio Spurs,2,2,22,Made Shot,Jump Shot,3PT Field Goal,Left Corner 3,Left Side(L),24+ ft.,23,-232,-17,1,1
336,Shot Chart Detail,0021400949,363,201158,Marco Belinelli,1610612759,San Antonio Spurs,4,11,23,Made Shot,Reverse Layup Shot,2PT Field Goal,Restricted Area,Center(C),Less Than 8 ft.,1,-15,7,1,1
337,Shot Chart Detail,0021400964,78,201158,Marco Belinelli,1610612759,San Antonio Spurs,1,2,39,Missed Shot,Putback Layup Shot,2PT Field Goal,Restricted Area,Center(C),Less Than 8 ft.,1,-15,11,1,0
338,Shot Chart Detail,0021400964,131,201158,Marco Belinelli,1610612759,San Antonio Spurs,2,10,52,Missed Shot,Jump Shot,3PT Field Goal,Above the Break 3,Right Side Center(RC),24+ ft.,24,130,211,1,0
339,Shot Chart Detail,0021400964,149,201158,Marco Belinelli,1610612759,San Antonio Spurs,2,9,47,Made Shot,Jump Shot,2PT Field Goal,Mid-Range,Right Side Center(RC),16-24 ft.,16,77,146,1,1
340,Shot Chart Detail,0021400964,349,201158,Marco Belinelli,1610612759,San Antonio Spurs,3,1,35,Missed Shot,Jump Shot,3PT Field Goal,Above the Break 3,Right Side Center(RC),24+ ft.,25,122,220,1,0
341,Shot Chart Detail,0021400964,417,201158,Marco Belinelli,1610612759,San Antonio Spurs,4,7,30,Made Shot,Layup Shot,2PT Field Goal,Restricted Area,Center(C),Less Than 8 ft.,2,20,-2,1,1
342,Shot Chart Detail,0021400964,444,201158,Marco Belinelli,1610612759,San Antonio Spurs,4,4,29,Missed Shot,Jump Shot,3PT Field Goal,Above the Break 3,Right Side Center(RC),24+ ft.,25,196,170,1,0
343,Shot Chart Detail,0021400964,572,201158,Marco Belinelli,1610612759,San Antonio Spurs,5,0,12,Missed Shot,Jump Shot,3PT Field Goal,Above the Break 3,Right Side Center(RC),24+ ft.,24,147,192,1,0
344,Shot Chart Detail,0021400986,51,201158,Marco Belinelli,1610612759,San Antonio Spurs,1,6,18,Made Shot,Jump Shot,3PT Field Goal,Above the Break 3,Left Side Center(LC),24+ ft.,25,-92,236,1,1
345,Shot Chart Detail,0021400986,61,201158,Marco Belinelli,1610612759,San Antonio Spurs,1,4,59,Missed Shot,Jump Shot,3PT Field Goal,Above the Break 3,Left Side Center(LC),24+ ft.,24,-191,153,1,0
346,Shot Chart Detail,0021400986,73,201158,Marco Belinelli,1610612759,San Antonio Spurs,1,3,53,Made Shot,Jump Shot,3PT Field Goal,Above the Break 3,Right Side Center(RC),24+ ft.,24,132,211,1,1
347,Shot Chart Detail,0021400986,75,201158,Marco Belinelli,1610612759,San Antonio Spurs,1,3,27,Missed Shot,Jump Shot,2PT Field Goal,Mid-Range,Right Side(R),16-24 ft.,16,162,36,1,0
348,Shot Chart Detail,0021400986,97,201158,Marco Belinelli,1610612759,San Antonio Spurs,1,1,35,Made Shot,Running Bank shot,2PT Field Goal,In The Paint (Non-RA),Center(C),8-16 ft.,8,12,85,1,1
349,Shot Chart Detail,0021400986,381,201158,Marco Belinelli,1610612759,San Antonio Spurs,4,11,13,Made Shot,Jump Shot,3PT Field Goal,Above the Break 3,Left Side Center(LC),24+ ft.,25,-193,159,1,1
350,Shot Chart Detail,0021400986,385,201158,Marco Belinelli,1610612759,San Antonio Spurs,4,10,5,Missed Shot,Jump Shot,2PT Field Goal,Mid-Range,Left Side(L),16-24 ft.,18,-188,0,1,0
351,Shot Chart Detail,0021400986,401,201158,Marco Belinelli,1610612759,San Antonio Spurs,4,8,18,Made Shot,Jump Shot,2PT Field Goal,Mid-Range,Right Side Center(RC),16-24 ft.,18,124,135,1,1
352,Shot Chart Detail,0021400986,417,201158,Marco Belinelli,1610612759,San Antonio Spurs,4,5,39,Missed Shot,Jump Shot,3PT Field Goal,Above the Break 3,Center(C),24+ ft.,24,62,238,1,0
353,Shot Chart Detail,0021400986,484,201158,Marco Belinelli,1610612759,San Antonio Spurs,4,0,8,Missed Shot,Jump Shot,3PT Field Goal,Right Corner 3,Right Side(R),24+ ft.,24,241,1,1,0
354,Shot Chart Detail,0021401001,43,201158,Marco Belinelli,1610612759,San Antonio Spurs,1,8,8,Missed Shot,Layup Shot,2PT Field Goal,Restricted Area,Center(C),Less Than 8 ft.,0,-8,0,1,0
355,Shot Chart Detail,0021401001,64,201158,Marco Belinelli,1610612759,San Antonio Spurs,1,5,59,Missed Shot,Driving Layup Shot,2PT Field Goal,Restricted Area,Center(C),Less Than 8 ft.,2,-13,20,1,0
356,Shot Chart Detail,0021401001,369,201158,Marco Belinelli,1610612759,San Antonio Spurs,3,2,33,Made Shot,Jump Shot,3PT Field Goal,Above the Break 3,Right Side Center(RC),24+ ft.,25,114,230,1,1
357,Shot Chart Detail,0021401001,455,201158,Marco Belinelli,1610612759,San Antonio Spurs,4,6,31,Missed Shot,Jump Shot,3PT Field Goal,Above the Break 3,Center(C),24+ ft.,24,-38,242,1,0
358,Shot Chart Detail,0021401001,522,201158,Marco Belinelli,1610612759,San Antonio Spurs,4,0,24,Made Shot,Jump Shot,2PT Field Goal,Mid-Range,Right Side(R),16-24 ft.,20,207,14,1,1
359,Shot Chart Detail,0021401010,92,201158,Marco Belinelli,1610612759,San Antonio Spurs,1,3,40,Missed Shot,Jump Shot,3PT Field Goal,Above the Break 3,Right Side Center(RC),24+ ft.,25,146,206,1,0
360,Shot Chart Detail,0021401010,114,201158,Marco Belinelli,1610612759,San Antonio Spurs,1,2,21,Missed Shot,Jump Shot,2PT Field Goal,In The Paint (Non-RA),Center(C),Less Than 8 ft.,6,-60,25,1,0
361,Shot Chart Detail,0021401010,173,201158,Marco Belinelli,1610612759,San Antonio Spurs,2,8,50,Missed Shot,Jump Shot,3PT Field Goal,Left Corner 3,Left Side(L),24+ ft.,23,-235,-10,1,0
362,Shot Chart Detail,0021401010,219,201158,Marco Belinelli,1610612759,San Antonio Spurs,2,5,5,Missed Shot,Jump Shot,3PT Field Goal,Above the Break 3,Center(C),24+ ft.,26,-51,255,1,0
363,Shot Chart Detail,0021401010,400,201158,Marco Belinelli,1610612759,San Antonio Spurs,3,0,58,Missed Shot,Jump Shot,3PT Field Goal,Above the Break 3,Center(C),24+ ft.,27,17,272,1,0
364,Shot Chart Detail,0021401010,404,201158,Marco Belinelli,1610612759,San Antonio Spurs,3,0,28,Missed Shot,Jump Shot,2PT Field Goal,Mid-Range,Center(C),16-24 ft.,17,2,176,1,0
365,Shot Chart Detail,0021401010,406,201158,Marco Belinelli,1610612759,San Antonio Spurs,3,0,24,Made Shot,Jump Shot,3PT Field Goal,Above the Break 3,Left Side Center(LC),24+ ft.,25,-174,187,1,1
366,Shot Chart Detail,0021401010,413,201158,Marco Belinelli,1610612759,San Antonio Spurs,4,11,27,Missed Shot,Jump Shot,2PT Field Goal,In The Paint (Non-RA),Center(C),Less Than 8 ft.,5,21,56,1,0
367,Shot Chart Detail,0021401010,417,201158,Marco Belinelli,1610612759,San Antonio Spurs,4,10,55,Made Shot,Jump Shot,3PT Field Goal,Left Corner 3,Left Side(L),24+ ft.,22,-226,14,1,1
368,Shot Chart Detail,0021401028,132,201158,Marco Belinelli,1610612759,San Antonio Spurs,2,10,17,Made Shot,Jump Shot,3PT Field Goal,Above the Break 3,Right Side Center(RC),24+ ft.,25,230,121,1,1
369,Shot Chart Detail,0021401028,156,201158,Marco Belinelli,1610612759,San Antonio Spurs,2,7,33,Missed Shot,Jump Shot,2PT Field Goal,Mid-Range,Right Side(R),16-24 ft.,18,155,99,1,0
370,Shot Chart Detail,0021401028,331,201158,Marco Belinelli,1610612759,San Antonio Spurs,3,3,50,Missed Shot,Fadeaway Jump Shot,2PT Field Goal,Mid-Range,Left Side(L),8-16 ft.,10,-97,44,1,0
371,Shot Chart Detail,0021401028,348,201158,Marco Belinelli,1610612759,San Antonio Spurs,3,2,2,Made Shot,Jump Shot,2PT Field Goal,Mid-Range,Right Side(R),16-24 ft.,19,179,89,1,1
372,Shot Chart Detail,0021401028,358,201158,Marco Belinelli,1610612759,San Antonio Spurs,3,0,32,Missed Shot,Jump Shot,3PT Field Goal,Above the Break 3,Left Side Center(LC),24+ ft.,24,-218,118,1,0
373,Shot Chart Detail,0021401028,361,201158,Marco Belinelli,1610612759,San Antonio Spurs,3,0,0,Missed Shot,Jump Shot,2PT Field Goal,Mid-Range,Left Side(L),16-24 ft.,18,-185,0,1,0
374,Shot Chart Detail,0021401028,375,201158,Marco Belinelli,1610612759,San Antonio Spurs,4,10,32,Missed Shot,Jump Shot,3PT Field Goal,Above the Break 3,Right Side Center(RC),24+ ft.,25,182,184,1,0
375,Shot Chart Detail,0021401028,403,201158,Marco Belinelli,1610612759,San Antonio Spurs,4,8,47,Missed Shot,Pullup Jump shot,2PT Field Goal,Mid-Range,Center(C),16-24 ft.,21,18,213,1,0
376,Shot Chart Detail,0021401028,421,201158,Marco Belinelli,1610612759,San Antonio Spurs,4,7,44,Missed Shot,Jump Shot,3PT Field Goal,Above the Break 3,Left Side Center(LC),24+ ft.,27,-98,254,1,0
377,Shot Chart Detail,0021401028,443,201158,Marco Belinelli,1610612759,San Antonio Spurs,4,5,58,Missed Shot,Driving Layup Shot,2PT Field Goal,Restricted Area,Center(C),Less Than 8 ft.,1,13,-2,1,0
378,Shot Chart Detail,0021401039,82,201158,Marco Belinelli,1610612759,San Antonio Spurs,1,0,47,Missed Shot,Jump Shot,3PT Field Goal,Above the Break 3,Center(C),24+ ft.,24,-8,244,1,0
379,Shot Chart Detail,0021401039,120,201158,Marco Belinelli,1610612759,San Antonio Spurs,2,9,49,Made Shot,Driving Layup Shot,2PT Field Goal,Restricted Area,Center(C),Less Than 8 ft.,2,-26,0,1,1
380,Shot Chart Detail,0021401039,122,201158,Marco Belinelli,1610612759,San Antonio Spurs,2,9,13,Made Shot,Jump Shot,3PT Field Goal,Above the Break 3,Left Side Center(LC),24+ ft.,27,-98,255,1,1
381,Shot Chart Detail,0021401039,136,201158,Marco Belinelli,1610612759,San Antonio Spurs,2,7,28,Made Shot,Pullup Jump shot,2PT Field Goal,Mid-Range,Right Side(R),16-24 ft.,17,170,17,1,1
382,Shot Chart Detail,0021401039,181,201158,Marco Belinelli,1610612759,San Antonio Spurs,2,5,6,Made Shot,Jump Shot,3PT Field Goal,Above the Break 3,Left Side Center(LC),24+ ft.,24,-92,231,1,1
383,Shot Chart Detail,0021401039,369,201158,Marco Belinelli,1610612759,San Antonio Spurs,3,0,51,Missed Shot,Jump Shot,3PT Field Goal,Above the Break 3,Left Side Center(LC),24+ ft.,25,-149,208,1,0
384,Shot Chart Detail,0021401039,377,201158,Marco Belinelli,1610612759,San Antonio Spurs,3,0,2,Missed Shot,Jump Shot,2PT Field Goal,Mid-Range,Center(C),16-24 ft.,21,-34,217,1,0
385,Shot Chart Detail,0021401057,108,201158,Marco Belinelli,1610612759,San Antonio Spurs,1,0,54,Missed Shot,Jump Shot,3PT Field Goal,Above the Break 3,Left Side Center(LC),24+ ft.,24,-157,194,1,0
386,Shot Chart Detail,0021401057,112,201158,Marco Belinelli,1610612759,San Antonio Spurs,1,0,2,Missed Shot,Fadeaway Jump Shot,3PT Field Goal,Above the Break 3,Center(C),24+ ft.,24,-16,247,1,0
387,Shot Chart Detail,0021401057,170,201158,Marco Belinelli,1610612759,San Antonio Spurs,2,6,42,Missed Shot,Jump Shot,3PT Field Goal,Above the Break 3,Left Side Center(LC),24+ ft.,25,-237,101,1,0
388,Shot Chart Detail,0021401057,176,201158,Marco Belinelli,1610612759,San Antonio Spurs,2,6,21,Made Shot,Jump Shot,3PT Field Goal,Left Corner 3,Left Side(L),24+ ft.,22,-224,9,1,1
389,Shot Chart Detail,0021401057,388,201158,Marco Belinelli,1610612759,San Antonio Spurs,4,10,48,Missed Shot,Jump Shot,2PT Field Goal,Mid-Range,Right Side Center(RC),16-24 ft.,19,119,154,1,0
390,Shot Chart Detail,0021401057,393,201158,Marco Belinelli,1610612759,San Antonio Spurs,4,10,6,Made Shot,Pullup Jump shot,2PT Field Goal,Mid-Range,Left Side(L),8-16 ft.,14,-114,94,1,1
391,Shot Chart Detail,0021401057,416,201158,Marco Belinelli,1610612759,San Antonio Spurs,4,8,38,Missed Shot,Jump Shot,3PT Field Goal,Above the Break 3,Center(C),24+ ft.,24,-18,249,1,0
392,Shot Chart Detail,0021401057,435,201158,Marco Belinelli,1610612759,San Antonio Spurs,4,6,58,Made Shot,Driving Layup Shot,2PT Field Goal,Restricted Area,Center(C),Less Than 8 ft.,0,-2,-3,1,1
393,Shot Chart Detail,0021401071,110,201158,Marco Belinelli,1610612759,San Antonio Spurs,1,0,9,Missed Shot,Jump Shot,2PT Field Goal,Mid-Range,Left Side(L),8-16 ft.,13,-114,75,1,0
394,Shot Chart Detail,0021401071,169,201158,Marco Belinelli,1610612759,San Antonio Spurs,2,7,2,Made Shot,Jump Shot,3PT Field Goal,Left Corner 3,Left Side(L),24+ ft.,22,-224,6,1,1
395,Shot Chart Detail,0021401071,177,201158,Marco Belinelli,1610612759,San Antonio Spurs,2,6,9,Made Shot,Jump Shot,3PT Field Goal,Above the Break 3,Right Side Center(RC),24+ ft.,24,223,107,1,1
396,Shot Chart Detail,0021401071,343,201158,Marco Belinelli,1610612759,San Antonio Spurs,3,2,36,Missed Shot,Jump Shot,3PT Field Goal,Above the Break 3,Left Side Center(LC),24+ ft.,25,-182,181,1,0
397,Shot Chart Detail,0021401084,73,201158,Marco Belinelli,1610612759,San Antonio Spurs,1,4,2,Made Shot,Jump Shot,2PT Field Goal,Mid-Range,Right Side(R),8-16 ft.,10,105,22,1,1
398,Shot Chart Detail,0021401084,86,201158,Marco Belinelli,1610612759,San Antonio Spurs,1,2,45,Missed Shot,Jump Shot,3PT Field Goal,Above the Break 3,Right Side Center(RC),24+ ft.,24,88,231,1,0
399,Shot Chart Detail,0021401084,88,201158,Marco Belinelli,1610612759,San Antonio Spurs,1,2,34,Made Shot,Jump Shot,2PT Field Goal,Mid-Range,Right Side Center(RC),16-24 ft.,21,103,187,1,1
400,Shot Chart Detail,0021401084,94,201158,Marco Belinelli,1610612759,San Antonio Spurs,1,2,1,Missed Shot,Jump Shot,3PT Field Goal,Above the Break 3,Center(C),24+ ft.,25,1,252,1,0
401,Shot Chart Detail,0021401084,491,201158,Marco Belinelli,1610612759,San Antonio Spurs,4,1,55,Missed Shot,Jump Shot,3PT Field Goal,Above the Break 3,Center(C),24+ ft.,25,-67,241,1,0
402,Shot Chart Detail,0021401084,495,201158,Marco Belinelli,1610612759,San Antonio Spurs,4,1,16,Missed Shot,Jump Shot,3PT Field Goal,Above the Break 3,Left Side Center(LC),24+ ft.,25,-106,230,1,0
403,Shot Chart Detail,0021401098,128,201158,Marco Belinelli,1610612759,San Antonio Spurs,2,10,4,Missed Shot,Jump Shot,2PT Field Goal,Mid-Range,Center(C),8-16 ft.,15,15,159,1,0
404,Shot Chart Detail,0021401098,176,201158,Marco Belinelli,1610612759,San Antonio Spurs,2,5,27,Missed Shot,Jump Shot,3PT Field Goal,Above the Break 3,Center(C),24+ ft.,25,4,255,1,0
405,Shot Chart Detail,0021401098,287,201158,Marco Belinelli,1610612759,San Antonio Spurs,3,5,18,Missed Shot,Jump Shot,3PT Field Goal,Above the Break 3,Right Side Center(RC),24+ ft.,24,136,201,1,0
406,Shot Chart Detail,0021401098,310,201158,Marco Belinelli,1610612759,San Antonio Spurs,3,3,28,Made Shot,Jump Shot,3PT Field Goal,Right Corner 3,Right Side(R),24+ ft.,23,231,-13,1,1
407,Shot Chart Detail,0021401098,313,201158,Marco Belinelli,1610612759,San Antonio Spurs,3,2,50,Made Shot,Floating Jump shot,2PT Field Goal,In The Paint (Non-RA),Center(C),8-16 ft.,11,-4,112,1,1
408,Shot Chart Detail,0021401110,108,201158,Marco Belinelli,1610612759,San Antonio Spurs,1,1,32,Missed Shot,Jump Shot,2PT Field Goal,Mid-Range,Left Side(L),8-16 ft.,15,-155,7,1,0
409,Shot Chart Detail,0021401110,110,201158,Marco Belinelli,1610612759,San Antonio Spurs,1,1,23,Made Shot,Jump Shot,3PT Field Goal,Left Corner 3,Left Side(L),24+ ft.,24,-239,44,1,1
410,Shot Chart Detail,0021401110,144,201158,Marco Belinelli,1610612759,San Antonio Spurs,2,8,59,Made Shot,Jump Shot,3PT Field Goal,Above the Break 3,Left Side Center(LC),24+ ft.,25,-218,129,1,1
411,Shot Chart Detail,0021401110,159,201158,Marco Belinelli,1610612759,San Antonio Spurs,2,7,40,Missed Shot,Jump Shot,2PT Field Goal,In The Paint (Non-RA),Right Side(R),8-16 ft.,10,53,91,1,0
412,Shot Chart Detail,0021401110,227,201158,Marco Belinelli,1610612759,San Antonio Spurs,2,0,7,Missed Shot,Jump Shot,3PT Field Goal,Above the Break 3,Left Side Center(LC),24+ ft.,24,-82,235,1,0
413,Shot Chart Detail,0021401110,363,201158,Marco Belinelli,1610612759,San Antonio Spurs,4,11,23,Missed Shot,Jump Shot,3PT Field Goal,Right Corner 3,Right Side(R),24+ ft.,23,233,3,1,0
414,Shot Chart Detail,0021401113,113,201158,Marco Belinelli,1610612759,San Antonio Spurs,1,1,36,Missed Shot,Jump Shot,3PT Field Goal,Above the Break 3,Center(C),24+ ft.,25,-26,258,1,0
415,Shot Chart Detail,0021401113,159,201158,Marco Belinelli,1610612759,San Antonio Spurs,2,9,3,Made Shot,Jump Shot,3PT Field Goal,Above the Break 3,Center(C),24+ ft.,25,51,252,1,1
416,Shot Chart Detail,0021401113,161,201158,Marco Belinelli,1610612759,San Antonio Spurs,2,8,36,Missed Shot,Jump Shot,3PT Field Goal,Above the Break 3,Right Side Center(RC),24+ ft.,26,193,187,1,0
417,Shot Chart Detail,0021401113,164,201158,Marco Belinelli,1610612759,San Antonio Spurs,2,8,26,Made Shot,Jump Shot,3PT Field Goal,Above the Break 3,Right Side Center(RC),24+ ft.,24,162,183,1,1
418,Shot Chart Detail,0021401113,233,201158,Marco Belinelli,1610612759,San Antonio Spurs,2,2,11,Made Shot,Running Jump Shot,2PT Field Goal,Mid-Range,Center(C),16-24 ft.,16,1,162,1,1
419,Shot Chart Detail,0021401113,381,201158,Marco Belinelli,1610612759,San Antonio Spurs,3,0,48,Missed Shot,Running Jump Shot,2PT Field Goal,In The Paint (Non-RA),Left Side(L),8-16 ft.,8,-68,58,1,0
420,Shot Chart Detail,0021401113,401,201158,Marco Belinelli,1610612759,San Antonio Spurs,4,10,20,Missed Shot,Jump Shot,2PT Field Goal,Mid-Range,Right Side Center(RC),16-24 ft.,20,129,153,1,0
421,Shot Chart Detail,0021401113,447,201158,Marco Belinelli,1610612759,San Antonio Spurs,4,7,7,Missed Shot,Jump Shot,3PT Field Goal,Above the Break 3,Left Side Center(LC),24+ ft.,24,-199,151,1,0
422,Shot Chart Detail,0021401113,459,201158,Marco Belinelli,1610612759,San Antonio Spurs,4,6,15,Made Shot,Jump Shot,3PT Field Goal,Above the Break 3,Center(C),24+ ft.,24,9,249,1,1
423,Shot Chart Detail,0021401113,487,201158,Marco Belinelli,1610612759,San Antonio Spurs,4,3,50,Missed Shot,Jump Shot,2PT Field Goal,In The Paint (Non-RA),Center(C),Less Than 8 ft.,6,4,61,1,0
424,Shot Chart Detail,0021401113,508,201158,Marco Belinelli,1610612759,San Antonio Spurs,4,2,14,Missed Shot,Jump Shot,2PT Field Goal,Mid-Range,Right Side Center(RC),16-24 ft.,22,125,189,1,0
425,Shot Chart Detail,0021401113,517,201158,Marco Belinelli,1610612759,San Antonio Spurs,4,1,17,Missed Shot,Jump Shot,3PT Field Goal,Left Corner 3,Left Side(L),24+ ft.,23,-237,19,1,0
426,Shot Chart Detail,0021401134,105,201158,Marco Belinelli,1610612759,San Antonio Spurs,1,0,52,Made Shot,Jump Shot,2PT Field Goal,Mid-Range,Left Side(L),16-24 ft.,19,-196,3,1,1
427,Shot Chart Detail,0021401134,135,201158,Marco Belinelli,1610612759,San Antonio Spurs,2,9,11,Missed Shot,Jump Shot,3PT Field Goal,Above the Break 3,Right Side Center(RC),24+ ft.,25,190,164,1,0
428,Shot Chart Detail,0021401134,163,201158,Marco Belinelli,1610612759,San Antonio Spurs,2,7,11,Missed Shot,Jump Shot,3PT Field Goal,Above the Break 3,Center(C),24+ ft.,26,1,265,1,0
429,Shot Chart Detail,0021401134,231,201158,Marco Belinelli,1610612759,San Antonio Spurs,2,0,0,Missed Shot,Pullup Jump shot,3PT Field Goal,Above the Break 3,Center(C),24+ ft.,34,2,348,1,0
430,Shot Chart Detail,0021401134,318,201158,Marco Belinelli,1610612759,San Antonio Spurs,3,3,41,Missed Shot,Jump Shot,3PT Field Goal,Above the Break 3,Center(C),24+ ft.,25,-59,244,1,0
431,Shot Chart Detail,0021401134,320,201158,Marco Belinelli,1610612759,San Antonio Spurs,3,3,26,Made Shot,Jump Shot,3PT Field Goal,Above the Break 3,Center(C),24+ ft.,25,0,250,1,1
432,Shot Chart Detail,0021401134,351,201158,Marco Belinelli,1610612759,San Antonio Spurs,3,0,3,Made Shot,Jump Shot,3PT Field Goal,Left Corner 3,Left Side(L),24+ ft.,23,-235,6,1,1
433,Shot Chart Detail,0021401134,353,201158,Marco Belinelli,1610612759,San Antonio Spurs,3,0,0,Missed Shot,Alley Oop Layup shot,2PT Field Goal,Restricted Area,Center(C),Less Than 8 ft.,2,21,15,1,0
434,Shot Chart Detail,0021401134,363,201158,Marco Belinelli,1610612759,San Antonio Spurs,4,10,43,Missed Shot,Jump Shot,3PT Field Goal,Right Corner 3,Right Side(R),24+ ft.,24,234,58,1,0
435,Shot Chart Detail,0021401134,369,201158,Marco Belinelli,1610612759,San Antonio Spurs,4,10,14,Made Shot,Jump Shot,3PT Field Goal,Right Corner 3,Right Side(R),24+ ft.,23,236,-3,1,1
436,Shot Chart Detail,0021401134,383,201158,Marco Belinelli,1610612759,San Antonio Spurs,4,9,10,Made Shot,Jump Shot,3PT Field Goal,Above the Break 3,Right Side Center(RC),24+ ft.,25,110,230,1,1
437,Shot Chart Detail,0021401134,395,201158,Marco Belinelli,1610612759,San Antonio Spurs,4,7,22,Missed Shot,Jump Shot,3PT Field Goal,Right Corner 3,Right Side(R),24+ ft.,23,237,0,1,0
438,Shot Chart Detail,0021401150,185,201158,Marco Belinelli,1610612759,San Antonio Spurs,2,5,10,Missed Shot,Jump Shot,3PT Field Goal,Above the Break 3,Left Side Center(LC),24+ ft.,24,-196,153,1,0
439,Shot Chart Detail,0021401150,361,201158,Marco Belinelli,1610612759,San Antonio Spurs,4,11,18,Missed Shot,Jump Shot,3PT Field Goal,Above the Break 3,Right Side Center(RC),24+ ft.,25,119,225,1,0
440,Shot Chart Detail,0021401150,378,201158,Marco Belinelli,1610612759,San Antonio Spurs,4,8,49,Made Shot,Jump Shot,3PT Field Goal,Above the Break 3,Right Side Center(RC),24+ ft.,25,182,181,1,1
441,Shot Chart Detail,0021401150,416,201158,Marco Belinelli,1610612759,San Antonio Spurs,4,4,46,Made Shot,Jump Shot,2PT Field Goal,Mid-Range,Right Side Center(RC),16-24 ft.,21,160,145,1,1
442,Shot Chart Detail,0021401150,426,201158,Marco Belinelli,1610612759,San Antonio Spurs,4,3,26,Missed Shot,Jump Shot,3PT Field Goal,Above the Break 3,Right Side Center(RC),24+ ft.,26,174,194,1,0
443,Shot Chart Detail,0021401150,434,201158,Marco Belinelli,1610612759,San Antonio Spurs,4,2,9,Missed Shot,Pullup Jump shot,2PT Field Goal,Mid-Range,Right Side(R),16-24 ft.,20,185,96,1,0
444,Shot Chart Detail,0021401157,119,201158,Marco Belinelli,1610612759,San Antonio Spurs,1,1,28,Made Shot,Pullup Jump shot,2PT Field Goal,Mid-Range,Center(C),16-24 ft.,19,12,194,1,1
445,Shot Chart Detail,0021401157,148,201158,Marco Belinelli,1610612759,San Antonio Spurs,2,10,26,Made Shot,Jump Shot,2PT Field Goal,Mid-Range,Left Side Center(LC),16-24 ft.,19,-133,138,1,1
446,Shot Chart Detail,0021401157,164,201158,Marco Belinelli,1610612759,San Antonio Spurs,2,9,24,Missed Shot,Jump Shot,3PT Field Goal,Above the Break 3,Right Side Center(RC),24+ ft.,24,166,183,1,0
447,Shot Chart Detail,0021401157,356,201158,Marco Belinelli,1610612759,San Antonio Spurs,3,4,14,Made Shot,Jump Shot,2PT Field Goal,Mid-Range,Left Side(L),16-24 ft.,20,-202,36,1,1
448,Shot Chart Detail,0021401157,406,201158,Marco Belinelli,1610612759,San Antonio Spurs,4,11,16,Made Shot,Jump Shot,2PT Field Goal,Mid-Range,Center(C),16-24 ft.,19,15,195,1,1
449,Shot Chart Detail,0021401157,418,201158,Marco Belinelli,1610612759,San Antonio Spurs,4,10,18,Made Shot,Pullup Jump shot,2PT Field Goal,Mid-Range,Left Side Center(LC),16-24 ft.,19,-81,175,1,1
450,Shot Chart Detail,0021401157,440,201158,Marco Belinelli,1610612759,San Antonio Spurs,4,8,24,Made Shot,Layup Shot,2PT Field Goal,Restricted Area,Center(C),Less Than 8 ft.,0,7,1,1,1
451,Shot Chart Detail,0021401157,446,201158,Marco Belinelli,1610612759,San Antonio Spurs,4,7,38,Missed Shot,Jump Shot,3PT Field Goal,Above the Break 3,Left Side Center(LC),24+ ft.,24,-188,151,1,0
452,Shot Chart Detail,0021401157,478,201158,Marco Belinelli,1610612759,San Antonio Spurs,4,4,36,Missed Shot,Jump Shot,2PT Field Goal,In The Paint (Non-RA),Center(C),Less Than 8 ft.,6,50,48,1,0
453,Shot Chart Detail,0021401157,482,201158,Marco Belinelli,1610612759,San Antonio Spurs,4,4,2,Missed Shot,Jump Shot,3PT Field Goal,Above the Break 3,Center(C),24+ ft.,27,-54,272,1,0
454,Shot Chart Detail,0021401157,510,201158,Marco Belinelli,1610612759,San Antonio Spurs,4,1,12,Missed Shot,Layup Shot,2PT Field Goal,Restricted Area,Center(C),Less Than 8 ft.,1,-10,7,1,0
455,Shot Chart Detail,0021401157,513,201158,Marco Belinelli,1610612759,San Antonio Spurs,4,0,55,Missed Shot,Step Back Jump shot,2PT Field Goal,Mid-Range,Left Side Center(LC),16-24 ft.,18,-92,156,1,0
456,Shot Chart Detail,0021401181,116,201158,Marco Belinelli,1610612759,San Antonio Spurs,1,1,55,Made Shot,Jump Shot,3PT Field Goal,Left Corner 3,Left Side(L),24+ ft.,22,-228,15,1,1
457,Shot Chart Detail,0021401181,186,201158,Marco Belinelli,1610612759,San Antonio Spurs,2,7,40,Made Shot,Pullup Jump shot,2PT Field Goal,Mid-Range,Center(C),16-24 ft.,21,10,213,1,1
458,Shot Chart Detail,0021401181,197,201158,Marco Belinelli,1610612759,San Antonio Spurs,2,6,6,Missed Shot,Jump Shot,3PT Field Goal,Above the Break 3,Left Side Center(LC),24+ ft.,29,-147,257,1,0
459,Shot Chart Detail,0021401181,471,201158,Marco Belinelli,1610612759,San Antonio Spurs,4,9,38,Missed Shot,Jump Shot,3PT Field Goal,Above the Break 3,Center(C),24+ ft.,25,10,252,1,0
460,Shot Chart Detail,0021401200,113,201158,Marco Belinelli,1610612759,San Antonio Spurs,1,0,52,Missed Shot,Jump Shot,3PT Field Goal,Above the Break 3,Right Side Center(RC),24+ ft.,25,223,115,1,0
461,Shot Chart Detail,0021401200,155,201158,Marco Belinelli,1610612759,San Antonio Spurs,2,9,19,Made Shot,Pullup Jump shot,2PT Field Goal,Mid-Range,Left Side Center(LC),16-24 ft.,20,-134,151,1,1
462,Shot Chart Detail,0021401200,165,201158,Marco Belinelli,1610612759,San Antonio Spurs,2,8,13,Made Shot,Jump Shot,3PT Field Goal,Above the Break 3,Left Side Center(LC),24+ ft.,25,-180,181,1,1
463,Shot Chart Detail,0021401200,213,201158,Marco Belinelli,1610612759,San Antonio Spurs,2,4,30,Missed Shot,Jump Shot,2PT Field Goal,Mid-Range,Right Side(R),16-24 ft.,21,195,91,1,0
464,Shot Chart Detail,0021401200,220,201158,Marco Belinelli,1610612759,San Antonio Spurs,2,3,36,Made Shot,Alley Oop Layup shot,2PT Field Goal,Restricted Area,Center(C),Less Than 8 ft.,1,12,11,1,1
465,Shot Chart Detail,0021401200,268,201158,Marco Belinelli,1610612759,San Antonio Spurs,2,0,28,Missed Shot,Jump Shot,3PT Field Goal,Above the Break 3,Center(C),24+ ft.,25,13,250,1,0
466,Shot Chart Detail,0021401200,359,201158,Marco Belinelli,1610612759,San Antonio Spurs,3,4,23,Made Shot,Jump Shot,3PT Field Goal,Above the Break 3,Left Side Center(LC),24+ ft.,25,-82,246,1,1
467,Shot Chart Detail,0021401200,405,201158,Marco Belinelli,1610612759,San Antonio Spurs,3,0,0,Missed Shot,Jump Shot,3PT Field Goal,Above the Break 3,Right Side Center(RC),24+ ft.,25,163,192,1,0
468,Shot Chart Detail,0021401223,127,201158,Marco Belinelli,1610612759,San Antonio Spurs,2,9,2,Missed Shot,Jump Shot,2PT Field Goal,Mid-Range,Left Side(L),8-16 ft.,13,-122,53,1,0
469,Shot Chart Detail,0021401223,411,201158,Marco Belinelli,1610612759,San Antonio Spurs,4,6,19,Missed Shot,Jump Shot,2PT Field Goal,Mid-Range,Center(C),16-24 ft.,21,32,213,1,0
